Location,Area_sqft,Bedrooms,Bathrooms,Floors,Material_Quality,Interior_Type,Parking,Balcony,Garden,Material_Cost,Labour_Cost,Finishing_Cost,Total_Cost
MVP Colony,2500,2,1,1,Basic,Luxury,Yes,Yes,Yes,3080000,1400000,1120000,5600000
Parawada,800,4,1,2,Premium,Luxury,No,Yes,Yes,1674200,761000,608800,3044000
Tagarapuvalasa,1000,3,1,1,Standard,Modern,Yes,Yes,No,1265000,575000,460000,2300000
Pendurthi,1000,1,4,1,Basic,Modern,Yes,No,Yes,1199000,545000,436000,2180000
Anandapuram,1800,2,4,1,Standard,Normal,No,Yes,No,1980000,900000,720000,3600000
Tagarapuvalasa,800,1,3,2,Basic,Normal,No,No,Yes,998800,454000,363200,1816000
Gajuwaka,1800,4,3,2,Premium,Normal,No,No,No,3215300,1461500,1169200,5846000
MVP Colony,1500,3,2,1,Standard,Modern,Yes,Yes,No,2200000,1000000,800000,4000000
Gajuwaka,1800,2,1,2,Standard,Normal,No,No,No,2453000,1115000,892000,4460000
Padmanabham,2500,4,4,2,Basic,Modern,Yes,No,Yes,2420000,1100000,880000,4400000
Gajuwaka,1200,2,3,1,Basic,Luxury,Yes,Yes,Yes,1601600,728000,582400,2912000
Padmanabham,800,1,1,1,Premium,Normal,No,No,Yes,1064800,484000,387200,1936000
Gajuwaka,2000,3,1,1,Basic,Luxury,Yes,Yes,Yes,2376000,1080000,864000,4320000
Madhurawada,1500,3,2,1,Standard,Normal,No,No,Yes,1952500,887500,710000,3550000
Anandapuram,2000,2,4,2,Basic,Luxury,Yes,No,Yes,2475000,1125000,900000,4500000
Gajuwaka,2500,1,1,1,Premium,Modern,Yes,Yes,No,4303750,1956250,1565000,7825000
Pendurthi,2000,3,1,1,Standard,Luxury,No,No,Yes,2640000,1200000,960000,4800000
Anandapuram,2500,2,1,2,Standard,Normal,No,No,Yes,3080000,1400000,1120000,5600000
Kothavalasa,1200,2,4,1,Premium,Modern,Yes,No,Yes,1878800,854000,683200,3416000
Kommadi,1200,4,2,1,Premium,Normal,Yes,No,No,1981100,900500,720400,3602000
Parawada,1500,2,3,1,Standard,Normal,Yes,No,Yes,1650000,750000,600000,3000000
Seethammadhara,2500,1,1,1,Basic,Luxury,No,Yes,Yes,2970000,1350000,1080000,5400000
Kommadi,2500,3,3,1,Premium,Luxury,Yes,Yes,No,4283125,1946875,1557500,7787500
Sabbavaram,1200,3,1,1,Premium,Modern,No,Yes,Yes,1768800,804000,643200,3216000
Anandapuram,2000,3,4,2,Standard,Modern,No,No,No,2585000,1175000,940000,4700000
Pendurthi,1500,4,4,1,Basic,Luxury,No,No,Yes,1716000,780000,624000,3120000
Sabbavaram,1200,1,3,1,Basic,Normal,No,Yes,No,950400,432000,345600,1728000
Rambilli,1200,4,1,1,Premium,Normal,No,Yes,Yes,1569700,713500,570800,2854000
Anandapuram,1000,3,3,2,Standard,Normal,Yes,Yes,No,1485000,675000,540000,2700000
Sabbavaram,2000,1,4,1,Basic,Luxury,Yes,No,Yes,2024000,920000,736000,3680000
Parawada,800,4,3,1,Basic,Luxury,No,No,No,908600,413000,330400,1652000
Bheemili,1800,4,2,2,Basic,Normal,Yes,Yes,No,1969000,895000,716000,3580000
Kothavalasa,2000,1,4,1,Premium,Luxury,Yes,Yes,Yes,3113000,1415000,1132000,5660000
Bheemili,1000,1,1,1,Standard,Luxury,No,Yes,Yes,1430000,650000,520000,2600000
Bheemili,2500,1,4,1,Standard,Normal,Yes,No,Yes,2915000,1325000,1060000,5300000
Kothavalasa,1800,3,2,1,Standard,Luxury,Yes,No,Yes,2222000,1010000,808000,4040000
Seethammadhara,1000,4,3,1,Basic,Modern,No,Yes,Yes,1221000,555000,444000,2220000
Kothavalasa,2000,2,1,1,Basic,Luxury,Yes,Yes,Yes,2024000,920000,736000,3680000
Padmanabham,1800,1,4,1,Premium,Luxury,No,No,Yes,2602050,1182750,946200,4731000
Madhurawada,1500,1,3,1,Standard,Luxury,No,No,No,2172500,987500,790000,3950000
Seethammadhara,1000,4,2,1,Basic,Normal,Yes,No,Yes,1221000,555000,444000,2220000
Bheemili,2500,2,4,2,Basic,Luxury,No,Yes,Yes,2805000,1275000,1020000,5100000
Anandapuram,2500,1,4,2,Basic,Normal,No,Yes,Yes,2530000,1150000,920000,4600000
Rambilli,2500,3,4,2,Standard,Luxury,Yes,Yes,No,2997500,1362500,1090000,5450000
Tagarapuvalasa,1500,4,4,2,Premium,Luxury,No,No,No,2666125,1211875,969500,4847500
Rambilli,1000,1,4,1,Standard,Modern,No,Yes,No,1045000,475000,380000,1900000
Padmanabham,1200,3,1,1,Premium,Normal,Yes,No,Yes,1679700,763500,610800,3054000
Pendurthi,800,3,4,2,Premium,Modern,Yes,Yes,No,1742400,792000,633600,3168000
Sabbavaram,1500,4,4,1,Basic,Luxury,Yes,Yes,Yes,1628000,740000,592000,2960000
Rambilli,1800,4,1,1,Premium,Modern,No,Yes,Yes,2437050,1107750,886200,4431000
Anandapuram,1500,2,4,1,Basic,Modern,Yes,No,No,1540000,700000,560000,2800000
Seethammadhara,2500,4,2,1,Standard,Luxury,No,No,No,3575000,1625000,1300000,6500000
Pendurthi,1500,3,3,1,Premium,Normal,Yes,No,No,2448875,1113125,890500,4452500
Parawada,800,2,1,1,Basic,Modern,No,Yes,No,743600,338000,270400,1352000
Padmanabham,1200,1,1,1,Standard,Normal,No,Yes,No,1122000,510000,408000,2040000
Kommadi,1000,2,1,1,Premium,Normal,No,Yes,No,1559250,708750,567000,2835000
Kommadi,800,4,2,1,Basic,Luxury,Yes,Yes,No,1124200,511000,408800,2044000
Atchutapuram,800,2,1,1,Basic,Modern,No,Yes,Yes,798600,363000,290400,1452000
MVP Colony,1200,3,2,1,Premium,Luxury,No,Yes,No,2413400,1097000,877600,4388000
Kommadi,1200,2,2,1,Standard,Normal,Yes,No,Yes,1551000,705000,564000,2820000
Kothavalasa,1000,3,4,1,Standard,Normal,No,Yes,No,990000,450000,360000,1800000
Madhurawada,1000,1,1,1,Basic,Modern,Yes,Yes,No,1232000,560000,448000,2240000
Padmanabham,1200,4,2,1,Standard,Normal,Yes,No,Yes,1287000,585000,468000,2340000
Parawada,1200,4,4,2,Standard,Luxury,No,No,No,1738000,790000,632000,3160000
Madhurawada,1000,3,2,1,Basic,Normal,No,Yes,No,1012000,460000,368000,1840000
Kothavalasa,2500,3,2,1,Premium,Normal,No,Yes,No,3341250,1518750,1215000,6075000
Gajuwaka,2000,4,3,1,Standard,Modern,No,Yes,No,2530000,1150000,920000,4600000
MVP Colony,1000,4,1,1,Standard,Modern,No,No,Yes,1485000,675000,540000,2700000
Madhurawada,1200,1,4,2,Basic,Luxury,No,No,No,1764400,802000,641600,3208000
Gajuwaka,2500,3,1,1,Basic,Luxury,Yes,Yes,No,2805000,1275000,1020000,5100000
Seethammadhara,1000,2,3,1,Premium,Normal,No,No,Yes,1837000,835000,668000,3340000
Pendurthi,1800,1,3,1,Premium,Luxury,No,Yes,Yes,3136650,1425750,1140600,5703000
Padmanabham,800,1,2,1,Standard,Luxury,No,No,No,1023000,465000,372000,1860000
Anandapuram,1800,3,3,2,Standard,Modern,No,No,Yes,2420000,1100000,880000,4400000
MVP Colony,2500,2,4,1,Basic,Modern,No,Yes,Yes,2805000,1275000,1020000,5100000
Madhurawada,1200,4,3,2,Premium,Modern,Yes,Yes,Yes,2599300,1181500,945200,4726000
Bheemili,2000,2,2,1,Basic,Normal,Yes,No,No,1870000,850000,680000,3400000
Atchutapuram,2500,2,1,2,Standard,Modern,No,Yes,Yes,2915000,1325000,1060000,5300000
Anandapuram,1500,1,4,1,Premium,Normal,No,No,Yes,2282500,1037500,830000,4150000
Gajuwaka,1000,4,3,1,Basic,Normal,No,No,No,968000,440000,352000,1760000
Tagarapuvalasa,2500,2,4,2,Premium,Luxury,Yes,No,Yes,4241875,1928125,1542500,7712500
Madhurawada,1500,3,1,1,Premium,Normal,Yes,No,No,2671625,1214375,971500,4857500
MVP Colony,1000,1,3,1,Standard,Modern,No,Yes,Yes,1485000,675000,540000,2700000
Parawada,1200,2,1,1,Premium,Modern,No,Yes,Yes,1768800,804000,643200,3216000
Tagarapuvalasa,1200,3,1,1,Basic,Luxury,No,No,Yes,1333200,606000,484800,2424000
Seethammadhara,1800,2,1,1,Basic,Modern,Yes,Yes,No,2120800,964000,771200,3856000
Kothavalasa,1200,1,3,2,Basic,Normal,Yes,Yes,No,1335400,607000,485600,2428000
Kommadi,1200,4,2,1,Standard,Normal,No,No,No,1386000,630000,504000,2520000
Rambilli,800,3,1,2,Standard,Normal,No,No,No,1023000,465000,372000,1860000
Atchutapuram,2000,2,1,1,Basic,Normal,Yes,Yes,Yes,1749000,795000,636000,3180000
Kommadi,1800,2,3,1,Standard,Luxury,Yes,Yes,Yes,2519000,1145000,916000,4580000
Tagarapuvalasa,1000,1,1,1,Premium,Luxury,Yes,Yes,Yes,1850750,841250,673000,3365000
Atchutapuram,2500,4,1,2,Premium,Luxury,No,No,No,3891250,1768750,1415000,7075000
Madhurawada,1800,3,1,1,Basic,Luxury,No,No,No,2096600,953000,762400,3812000
Padmanabham,2500,1,3,1,Premium,Modern,No,Yes,No,3265625,1484375,1187500,5937500
Madhurawada,1500,4,1,2,Basic,Luxury,Yes,Yes,Yes,2233000,1015000,812000,4060000
Madhurawada,2500,4,3,1,Premium,Luxury,No,No,No,4544375,2065625,1652500,8262500
Anandapuram,1800,2,4,1,Basic,Modern,Yes,Yes,Yes,1859000,845000,676000,3380000
Parawada,2000,3,2,1,Premium,Luxury,No,No,No,2948000,1340000,1072000,5360000
Pendurthi,1200,2,3,1,Standard,Modern,Yes,No,Yes,1661000,755000,604000,3020000
Seethammadhara,1000,2,1,1,Premium,Normal,No,No,Yes,1837000,835000,668000,3340000
Pendurthi,1000,2,1,1,Standard,Normal,No,Yes,Yes,1210000,550000,440000,2200000
Tagarapuvalasa,1800,2,4,1,Standard,Luxury,No,Yes,No,2156000,980000,784000,3920000
Pendurthi,1000,1,3,1,Standard,Normal,Yes,No,No,1265000,575000,460000,2300000
MVP Colony,1500,2,2,1,Basic,Luxury,Yes,Yes,Yes,2024000,920000,736000,3680000
Parawada,1000,3,4,1,Premium,Normal,No,Yes,No,1336500,607500,486000,2430000
Madhurawada,1500,4,3,1,Basic,Luxury,Yes,Yes,Yes,1958000,890000,712000,3560000
Bheemili,1000,1,4,1,Basic,Luxury,Yes,No,No,1265000,575000,460000,2300000
Rambilli,2500,2,2,1,Premium,Normal,No,Yes,Yes,3210625,1459375,1167500,5837500
Rambilli,2500,1,2,2,Basic,Modern,No,Yes,Yes,2310000,1050000,840000,4200000
Bheemili,1800,3,1,1,Standard,Luxury,Yes,Yes,No,2365000,1075000,860000,4300000
Sabbavaram,2500,1,2,2,Premium,Normal,No,Yes,Yes,3671250,1668750,1335000,6675000
Seethammadhara,1000,1,1,1,Standard,Normal,No,Yes,No,1320000,600000,480000,2400000
Seethammadhara,1500,2,4,1,Premium,Normal,No,Yes,Yes,2728000,1240000,992000,4960000
Sabbavaram,1000,3,2,2,Standard,Modern,Yes,Yes,No,1485000,675000,540000,2700000
Bheemili,2000,3,4,2,Standard,Modern,No,Yes,Yes,2640000,1200000,960000,4800000
Padmanabham,1000,2,3,1,Basic,Luxury,Yes,No,Yes,1188000,540000,432000,2160000
Bheemili,2000,1,2,1,Standard,Luxury,No,Yes,Yes,2530000,1150000,920000,4600000
Madhurawada,2000,1,1,1,Standard,Luxury,No,Yes,No,2805000,1275000,1020000,5100000
Anandapuram,1000,1,4,1,Basic,Luxury,No,Yes,No,1155000,525000,420000,2100000
Kothavalasa,2000,4,1,2,Standard,Normal,Yes,No,Yes,2420000,1100000,880000,4400000
Kommadi,1500,4,3,2,Standard,Modern,No,No,Yes,2172500,987500,790000,3950000
Parawada,1500,4,2,1,Premium,Luxury,No,No,Yes,2334750,1061250,849000,4245000
Pendurthi,1500,3,2,1,Standard,Modern,Yes,No,No,1952500,887500,710000,3550000
Kommadi,1800,2,3,2,Basic,Luxury,Yes,Yes,Yes,2378200,1081000,864800,4324000
Tagarapuvalasa,1000,2,1,1,Standard,Normal,No,Yes,Yes,1100000,500000,400000,2000000
MVP Colony,1000,3,4,1,Premium,Luxury,No,No,No,2057000,935000,748000,3740000
Kothavalasa,1200,4,2,1,Basic,Modern,No,No,Yes,1115400,507000,405600,2028000
Pendurthi,800,2,4,1,Basic,Luxury,No,Yes,Yes,1069200,486000,388800,1944000
Atchutapuram,2000,1,2,1,Standard,Normal,No,No,Yes,2035000,925000,740000,3700000
MVP Colony,800,4,2,2,Basic,Modern,No,Yes,No,1229800,559000,447200,2236000
Seethammadhara,1200,2,4,1,Basic,Luxury,Yes,No,Yes,1707200,776000,620800,3104000
Kothavalasa,800,3,4,1,Premium,Normal,No,No,Yes,1124200,511000,408800,2044000
MVP Colony,1200,1,2,1,Standard,Modern,Yes,Yes,No,1804000,820000,656000,3280000
Padmanabham,2500,3,4,1,Standard,Normal,Yes,No,No,2447500,1112500,890000,4450000
Rambilli,1800,4,4,1,Basic,Modern,No,Yes,Yes,1511400,687000,549600,2748000
Padmanabham,1500,4,2,2,Basic,Luxury,No,No,No,1672000,760000,608000,3040000
Madhurawada,1000,3,3,1,Premium,Normal,Yes,No,No,1817750,826250,661000,3305000
Rambilli,1000,4,4,1,Standard,Modern,No,No,Yes,1100000,500000,400000,2000000
Anandapuram,2500,1,4,1,Standard,Luxury,Yes,No,No,3135000,1425000,1140000,5700000
Atchutapuram,1200,3,1,1,Standard,Luxury,No,Yes,No,1463000,665000,532000,2660000
Gajuwaka,2500,2,1,1,Basic,Luxury,Yes,No,Yes,2860000,1300000,1040000,5200000
Madhurawada,1000,4,4,1,Basic,Normal,No,No,Yes,1067000,485000,388000,1940000
Parawada,1500,2,3,1,Basic,Modern,No,No,Yes,1353000,615000,492000,2460000
Seethammadhara,2000,2,1,1,Basic,Modern,Yes,Yes,Yes,2387000,1085000,868000,4340000
Pendurthi,1200,2,2,2,Basic,Luxury,Yes,Yes,Yes,1823800,829000,663200,3316000
Seethammadhara,1200,4,3,1,Standard,Modern,No,No,Yes,1749000,795000,636000,3180000
Tagarapuvalasa,1800,2,3,1,Basic,Normal,Yes,Yes,Yes,1669800,759000,607200,3036000
Anandapuram,1800,3,1,1,Standard,Modern,Yes,No,No,2200000,1000000,800000,4000000
Padmanabham,1200,3,4,1,Basic,Modern,Yes,Yes,Yes,1172600,533000,426400,2132000
Atchutapuram,800,1,4,2,Basic,Luxury,No,No,No,1183600,538000,430400,2152000
Pendurthi,2500,2,1,1,Premium,Normal,No,No,No,3898125,1771875,1417500,7087500
Kommadi,1800,1,2,1,Premium,Luxury,Yes,No,No,3191650,1450750,1160600,5803000
Atchutapuram,1500,3,3,1,Standard,Luxury,Yes,Yes,No,1870000,850000,680000,3400000
Kothavalasa,2500,2,2,1,Standard,Modern,Yes,No,No,2695000,1225000,980000,4900000
Seethammadhara,800,1,1,2,Standard,Modern,Yes,Yes,No,1551000,705000,564000,2820000
Sabbavaram,800,2,4,1,Basic,Luxury,No,Yes,Yes,963600,438000,350400,1752000
Sabbavaram,1200,2,2,1,Premium,Normal,No,No,Yes,1658800,754000,603200,3016000
MVP Colony,1000,2,1,2,Basic,Normal,Yes,Yes,No,1441000,655000,524000,2620000
Tagarapuvalasa,800,1,1,1,Premium,Normal,No,No,Yes,1183600,538000,430400,2152000
Sabbavaram,1000,3,3,1,Premium,Luxury,Yes,No,No,1721500,782500,626000,3130000
Tagarapuvalasa,1200,4,2,1,Premium,Luxury,No,Yes,Yes,2022900,919500,735600,3678000
Atchutapuram,2500,4,3,1,Basic,Normal,Yes,Yes,No,2090000,950000,760000,3800000
Kommadi,1000,3,1,1,Standard,Luxury,Yes,Yes,No,1540000,700000,560000,2800000
Seethammadhara,2000,2,1,1,Basic,Normal,Yes,No,No,2222000,1010000,808000,4040000
Atchutapuram,1200,3,1,1,Premium,Normal,Yes,No,No,1713800,779000,623200,3116000
Kommadi,2000,3,4,1,Standard,Normal,No,Yes,No,2310000,1050000,840000,4200000
Atchutapuram,1000,1,3,1,Standard,Modern,Yes,No,No,1210000,550000,440000,2200000
Rambilli,2500,3,4,1,Premium,Normal,No,Yes,Yes,3210625,1459375,1167500,5837500
MVP Colony,1000,2,4,1,Premium,Normal,Yes,No,Yes,1947000,885000,708000,3540000
Anandapuram,2500,2,1,1,Premium,Modern,No,No,No,3822500,1737500,1390000,6950000
Madhurawada,1000,4,2,2,Standard,Modern,No,No,No,1650000,750000,600000,3000000
Atchutapuram,2000,2,1,1,Basic,Modern,Yes,Yes,Yes,1859000,845000,676000,3380000
Gajuwaka,1800,4,2,1,Standard,Normal,Yes,No,No,2288000,1040000,832000,4160000
Rambilli,1800,1,1,2,Premium,Modern,Yes,Yes,No,2767050,1257750,1006200,5031000
Atchutapuram,1800,1,4,1,Basic,Luxury,Yes,No,Yes,1865600,848000,678400,3392000
Kothavalasa,1200,3,4,1,Basic,Normal,Yes,No,No,1060400,482000,385600,1928000
Kommadi,1000,3,3,2,Premium,Normal,No,No,Yes,1889250,858750,687000,3435000
Kothavalasa,1500,1,3,1,Basic,Luxury,No,Yes,Yes,1518000,690000,552000,2760000
Kommadi,1500,3,3,1,Standard,Modern,Yes,Yes,Yes,2007500,912500,730000,3650000
MVP Colony,1500,1,1,2,Basic,Normal,Yes,Yes,No,1969000,895000,716000,3580000
Kothavalasa,1200,1,3,2,Premium,Luxury,Yes,No,Yes,2318800,1054000,843200,4216000
Gajuwaka,800,1,4,1,Standard,Modern,Yes,Yes,Yes,1243000,565000,452000,2260000
Madhurawada,2500,3,1,1,Premium,Normal,No,Yes,Yes,4324375,1965625,1572500,7862500
Parawada,800,2,1,1,Standard,Modern,Yes,No,No,1012000,460000,368000,1840000
Rambilli,2500,4,4,1,Basic,Modern,Yes,Yes,Yes,2145000,975000,780000,3900000
Kothavalasa,2000,1,4,1,Basic,Modern,Yes,No,No,1804000,820000,656000,3280000
Atchutapuram,1000,1,2,2,Basic,Normal,Yes,Yes,No,1177000,535000,428000,2140000
Kothavalasa,1000,4,2,2,Basic,Normal,Yes,No,No,1177000,535000,428000,2140000
Kothavalasa,2000,2,4,1,Standard,Normal,Yes,No,No,2090000,950000,760000,3800000
MVP Colony,2000,2,4,1,Premium,Normal,No,Yes,Yes,3619000,1645000,1316000,6580000
Rambilli,2500,1,4,1,Basic,Luxury,Yes,No,No,2255000,1025000,820000,4100000
Parawada,1200,2,1,2,Basic,Luxury,No,No,No,1500400,682000,545600,2728000
Padmanabham,1000,3,1,2,Standard,Normal,No,No,No,1210000,550000,440000,2200000
Gajuwaka,1800,3,2,1,Basic,Modern,No,Yes,No,1852400,842000,673600,3368000
Kothavalasa,2500,2,2,2,Premium,Modern,Yes,No,No,3836250,1743750,1395000,6975000
Pendurthi,1200,3,1,1,Basic,Luxury,No,Yes,No,1383800,629000,503200,2516000
Gajuwaka,1200,2,2,1,Basic,Modern,Yes,Yes,Yes,1436600,653000,522400,2612000
Pendurthi,2000,2,3,1,Standard,Luxury,Yes,Yes,No,2695000,1225000,980000,4900000
Sabbavaram,2000,1,2,1,Premium,Luxury,No,No,Yes,3003000,1365000,1092000,5460000
Gajuwaka,1200,1,2,2,Standard,Modern,No,Yes,Yes,1892000,860000,688000,3440000
Rambilli,2500,2,4,1,Premium,Luxury,Yes,Yes,No,3540625,1609375,1287500,6437500
Padmanabham,1200,1,1,1,Basic,Normal,Yes,No,No,1007600,458000,366400,1832000
Rambilli,800,2,2,1,Basic,Modern,Yes,No,No,818400,372000,297600,1488000
Anandapuram,1500,3,4,2,Basic,Modern,Yes,No,No,1815000,825000,660000,3300000
Gajuwaka,1800,2,3,1,Premium,Luxury,Yes,No,Yes,3380300,1536500,1229200,6146000
Madhurawada,2500,1,2,1,Standard,Luxury,No,No,Yes,3492500,1587500,1270000,6350000
Atchutapuram,1200,1,1,2,Basic,Luxury,No,Yes,Yes,1555400,707000,565600,2828000
Madhurawada,800,1,3,1,Premium,Luxury,Yes,No,Yes,1806200,821000,656800,3284000
Pendurthi,1800,2,2,1,Basic,Luxury,Yes,No,Yes,2103200,956000,764800,3824000
Bheemili,2000,1,2,1,Basic,Modern,No,No,Yes,1925000,875000,700000,3500000
MVP Colony,800,1,1,2,Standard,Normal,Yes,No,Yes,1496000,680000,544000,2720000
Bheemili,2500,2,4,1,Basic,Normal,No,No,No,2200000,1000000,800000,4000000
Anandapuram,2500,2,3,1,Basic,Luxury,No,Yes,No,2475000,1125000,900000,4500000
Atchutapuram,1200,4,1,1,Basic,Modern,No,Yes,Yes,1115400,507000,405600,2028000
Pendurthi,1200,3,4,2,Standard,Luxury,Yes,Yes,No,2046000,930000,744000,3720000
Gajuwaka,2000,1,4,1,Premium,Normal,No,Yes,Yes,3322000,1510000,1208000,6040000
Gajuwaka,800,4,3,1,Standard,Normal,No,Yes,Yes,1023000,465000,372000,1860000
Pendurthi,800,1,1,1,Basic,Modern,No,Yes,Yes,904200,411000,328800,1644000
Padmanabham,1000,3,1,1,Premium,Luxury,Yes,Yes,Yes,1702250,773750,619000,3095000
Parawada,2500,1,3,2,Basic,Luxury,No,Yes,No,2530000,1150000,920000,4600000
Bheemili,1500,4,2,1,Standard,Luxury,Yes,No,Yes,2090000,950000,760000,3800000
Gajuwaka,2500,3,3,2,Standard,Normal,No,Yes,No,3300000,1500000,1200000,6000000
Anandapuram,800,3,1,2,Premium,Modern,Yes,Yes,No,1683000,765000,612000,3060000
Madhurawada,1000,3,3,1,Basic,Modern,Yes,No,No,1232000,560000,448000,2240000
Padmanabham,1800,1,4,1,Premium,Normal,Yes,Yes,No,2382050,1082750,866200,4331000
Pendurthi,2500,2,1,1,Basic,Modern,Yes,No,No,2530000,1150000,920000,4600000
Kommadi,1500,4,3,2,Premium,Normal,Yes,Yes,Yes,2778875,1263125,1010500,5052500
Kothavalasa,800,4,1,1,Basic,Modern,No,No,No,743600,338000,270400,1352000
Sabbavaram,2500,4,3,1,Basic,Luxury,No,Yes,No,2255000,1025000,820000,4100000
Bheemili,1500,3,1,1,Premium,Modern,No,Yes,Yes,2392500,1087500,870000,4350000
Kothavalasa,2500,4,1,1,Premium,Normal,Yes,Yes,Yes,3506250,1593750,1275000,6375000
Anandapuram,1000,4,3,1,Basic,Modern,Yes,Yes,No,1100000,500000,400000,2000000
Anandapuram,1000,4,3,1,Standard,Modern,No,No,Yes,1265000,575000,460000,2300000
Madhurawada,2500,3,3,1,Basic,Luxury,No,Yes,No,2805000,1275000,1020000,5100000
Tagarapuvalasa,2000,2,1,1,Basic,Modern,No,Yes,No,1782000,810000,648000,3240000
Padmanabham,1000,1,4,1,Premium,Normal,No,Yes,Yes,1317250,598750,479000,2395000
MVP Colony,2000,2,3,1,Standard,Normal,Yes,No,Yes,2805000,1275000,1020000,5100000
Madhurawada,1200,3,3,1,Standard,Luxury,No,Yes,No,1793000,815000,652000,3260000
Tagarapuvalasa,2000,3,1,1,Premium,Luxury,Yes,Yes,Yes,3261500,1482500,1186000,5930000
Kommadi,1200,1,3,1,Standard,Luxury,Yes,No,Yes,1826000,830000,664000,3320000
Gajuwaka,800,2,3,1,Standard,Modern,No,No,Yes,1133000,515000,412000,2060000
Parawada,2000,3,1,2,Premium,Modern,Yes,Yes,Yes,3223000,1465000,1172000,5860000
Atchutapuram,2000,1,3,1,Basic,Normal,No,No,No,1584000,720000,576000,2880000
Kommadi,2500,2,4,1,Standard,Luxury,Yes,No,No,3272500,1487500,1190000,5950000
Kommadi,1500,1,3,2,Premium,Normal,No,No,No,2613875,1188125,950500,4752500
Atchutapuram,1800,1,2,2,Basic,Modern,Yes,Yes,Yes,1975600,898000,718400,3592000
Anandapuram,1800,1,4,1,Basic,Normal,Yes,No,Yes,1749000,795000,636000,3180000
Parawada,1800,3,2,1,Standard,Normal,Yes,No,No,1892000,860000,688000,3440000
Padmanabham,1500,1,1,1,Premium,Luxury,No,No,Yes,2223375,1010625,808500,4042500
Rambilli,1500,3,1,2,Basic,Modern,No,No,No,1507000,685000,548000,2740000
Kommadi,2500,4,4,1,Premium,Modern,Yes,No,No,4118125,1871875,1497500,7487500
Bheemili,800,1,1,2,Premium,Luxury,No,No,Yes,1793000,815000,652000,3260000
Tagarapuvalasa,1500,4,2,1,Standard,Modern,No,Yes,Yes,1732500,787500,630000,3150000
Padmanabham,1800,2,1,1,Premium,Luxury,Yes,Yes,No,2657050,1207750,966200,4831000
Parawada,1500,1,4,2,Standard,Luxury,No,No,No,2035000,925000,740000,3700000
Rambilli,800,2,4,1,Basic,Normal,No,Yes,No,598400,272000,217600,1088000
Padmanabham,2000,4,1,1,Premium,Modern,Yes,Yes,No,2744500,1247500,998000,4990000
Gajuwaka,1200,2,1,1,Standard,Luxury,Yes,Yes,No,1837000,835000,668000,3340000
Atchutapuram,2000,3,3,1,Basic,Luxury,No,Yes,Yes,1914000,870000,696000,3480000
Parawada,1200,4,1,2,Standard,Normal,No,Yes,No,1463000,665000,532000,2660000
Tagarapuvalasa,1200,4,3,1,Standard,Luxury,No,No,Yes,1584000,720000,576000,2880000
Gajuwaka,2500,2,1,1,Basic,Modern,No,No,No,2530000,1150000,920000,4600000
Kommadi,1500,1,3,1,Premium,Modern,No,Yes,No,2448875,1113125,890500,4452500
Kothavalasa,1800,3,2,1,Premium,Normal,No,No,Yes,2460700,1118500,894800,4474000
Rambilli,1500,4,4,2,Standard,Modern,Yes,No,Yes,1952500,887500,710000,3550000
Tagarapuvalasa,1200,1,2,2,Standard,Modern,Yes,No,No,1749000,795000,636000,3180000
Sabbavaram,2500,2,1,1,Basic,Normal,No,Yes,Yes,2035000,925000,740000,3700000
Padmanabham,2000,4,1,1,Standard,Normal,No,No,Yes,1925000,875000,700000,3500000
Parawada,2000,4,3,1,Premium,Normal,No,Yes,Yes,2728000,1240000,992000,4960000
Rambilli,2000,3,3,1,Basic,Modern,No,No,Yes,1661000,755000,604000,3020000
Sabbavaram,1500,1,2,1,Basic,Luxury,No,Yes,No,1463000,665000,532000,2660000
Pendurthi,2500,1,4,1,Premium,Modern,Yes,No,Yes,4173125,1896875,1517500,7587500
Pendurthi,1500,1,2,1,Basic,Luxury,Yes,No,No,1771000,805000,644000,3220000
Kommadi,1200,3,3,1,Standard,Luxury,Yes,No,No,1771000,805000,644000,3220000
Gajuwaka,2000,3,4,1,Standard,Luxury,Yes,Yes,Yes,2860000,1300000,1040000,5200000
Gajuwaka,1200,4,2,2,Basic,Normal,Yes,No,Yes,1601600,728000,582400,2912000
Anandapuram,2000,2,3,1,Basic,Luxury,No,No,Yes,2090000,950000,760000,3800000
Kothavalasa,2500,4,1,1,Standard,Normal,No,No,No,2475000,1125000,900000,4500000
MVP Colony,1200,2,3,1,Standard,Luxury,No,Yes,Yes,1914000,870000,696000,3480000
Sabbavaram,2500,2,1,1,Premium,Normal,Yes,No,No,3451250,1568750,1255000,6275000
Rambilli,1800,3,4,1,Standard,Modern,No,Yes,No,1793000,815000,652000,3260000
Pendurthi,1500,2,3,1,Standard,Modern,No,Yes,No,1842500,837500,670000,3350000
Parawada,800,3,4,1,Standard,Normal,Yes,No,No,902000,410000,328000,1640000
Madhurawada,800,2,4,1,Standard,Modern,Yes,Yes,Yes,1287000,585000,468000,2340000
Kommadi,1200,4,2,1,Premium,Normal,Yes,Yes,Yes,2036100,925500,740400,3702000
Pendurthi,2500,3,3,2,Basic,Modern,No,No,No,2695000,1225000,980000,4900000
Rambilli,1200,1,2,1,Standard,Modern,No,Yes,No,1232000,560000,448000,2240000
Madhurawada,1800,2,3,1,Premium,Luxury,Yes,No,No,3458950,1572250,1257800,6289000
Tagarapuvalasa,2500,1,4,1,Basic,Modern,No,Yes,Yes,2255000,1025000,820000,4100000
Kothavalasa,1200,2,1,2,Standard,Luxury,No,Yes,No,1738000,790000,632000,3160000
Sabbavaram,1500,4,3,2,Standard,Normal,No,No,No,1760000,800000,640000,3200000
Gajuwaka,1000,1,2,2,Premium,Luxury,Yes,No,Yes,2348500,1067500,854000,4270000
Bheemili,2000,2,3,1,Standard,Modern,Yes,No,Yes,2475000,1125000,900000,4500000
Sabbavaram,800,3,3,1,Premium,Luxury,Yes,No,Yes,1509200,686000,548800,2744000
Atchutapuram,2000,1,2,1,Standard,Modern,No,Yes,Yes,2145000,975000,780000,3900000
Kothavalasa,1500,4,1,1,Basic,Normal,No,Yes,Yes,1243000,565000,452000,2260000
Sabbavaram,1200,1,2,1,Premium,Modern,Yes,No,Yes,1878800,854000,683200,3416000
Bheemili,1800,1,2,1,Premium,Modern,Yes,No,No,2893000,1315000,1052000,5260000
Tagarapuvalasa,1800,1,3,2,Basic,Modern,No,Yes,Yes,1944800,884000,707200,3536000
Bheemili,800,1,1,1,Basic,Luxury,Yes,Yes,No,1089000,495000,396000,1980000
Pendurthi,1800,2,2,1,Basic,Luxury,Yes,Yes,Yes,2103200,956000,764800,3824000
Madhurawada,1500,2,1,1,Basic,Modern,No,No,Yes,1683000,765000,612000,3060000
Rambilli,1200,2,4,1,Basic,Modern,Yes,No,Yes,1172600,533000,426400,2132000
Sabbavaram,2000,1,3,1,Premium,Modern,Yes,No,No,2893000,1315000,1052000,5260000
Atchutapuram,1200,1,3,1,Premium,Modern,Yes,No,Yes,1878800,854000,683200,3416000
Gajuwaka,1000,3,4,1,Standard,Modern,Yes,Yes,Yes,1485000,675000,540000,2700000
Kothavalasa,2500,4,3,1,Basic,Normal,No,No,Yes,2035000,925000,740000,3700000
Pendurthi,1000,3,2,1,Standard,Luxury,Yes,No,No,1540000,700000,560000,2800000
Gajuwaka,1000,2,1,1,Basic,Normal,No,Yes,Yes,1023000,465000,372000,1860000
Anandapuram,1200,2,3,1,Premium,Modern,No,No,Yes,1947000,885000,708000,3540000
Madhurawada,800,2,3,1,Premium,Modern,Yes,Yes,No,1586200,721000,576800,2884000
Bheemili,1200,2,1,2,Basic,Luxury,No,Yes,Yes,1661000,755000,604000,3020000
Padmanabham,800,2,4,1,Standard,Luxury,No,No,Yes,1078000,490000,392000,1960000
Madhurawada,1800,3,4,1,Basic,Luxury,Yes,No,Yes,2261600,1028000,822400,4112000
Sabbavaram,2000,1,2,2,Basic,Luxury,Yes,Yes,No,2244000,1020000,816000,4080000
Anandapuram,1000,2,3,2,Standard,Normal,Yes,Yes,No,1485000,675000,540000,2700000
Gajuwaka,2500,3,2,1,Standard,Luxury,Yes,Yes,Yes,3465000,1575000,1260000,6300000
Tagarapuvalasa,1500,4,3,1,Standard,Normal,No,Yes,No,1567500,712500,570000,2850000
Anandapuram,800,2,1,1,Standard,Luxury,Yes,Yes,No,1265000,575000,460000,2300000
Padmanabham,2500,4,4,2,Basic,Modern,Yes,Yes,Yes,2420000,1100000,880000,4400000
Tagarapuvalasa,2000,3,3,1,Standard,Normal,No,No,Yes,2145000,975000,780000,3900000
Kothavalasa,800,2,3,2,Premium,Luxury,Yes,Yes,No,1729200,786000,628800,3144000
Atchutapuram,2000,4,1,1,Basic,Luxury,No,Yes,No,1859000,845000,676000,3380000
Pendurthi,1800,2,3,1,Standard,Luxury,Yes,Yes,No,2464000,1120000,896000,4480000
Seethammadhara,1500,3,4,1,Standard,Luxury,Yes,Yes,Yes,2420000,1100000,880000,4400000
Seethammadhara,1000,3,3,1,Basic,Modern,No,Yes,Yes,1221000,555000,444000,2220000
Padmanabham,1200,4,1,1,Premium,Modern,Yes,No,No,1734700,788500,630800,3154000
Seethammadhara,1500,2,4,1,Premium,Modern,Yes,Yes,No,2893000,1315000,1052000,5260000
Bheemili,800,3,4,2,Standard,Normal,No,Yes,Yes,1210000,550000,440000,2200000
Rambilli,2500,2,3,1,Standard,Normal,No,No,No,2337500,1062500,850000,4250000
Madhurawada,2000,2,2,1,Premium,Luxury,Yes,No,No,3800500,1727500,1382000,6910000
Atchutapuram,1000,3,3,1,Basic,Modern,Yes,Yes,No,1012000,460000,368000,1840000
Kommadi,800,2,2,1,Basic,Normal,No,No,No,739200,336000,268800,1344000
Madhurawada,1200,3,4,1,Premium,Luxury,Yes,Yes,Yes,2489300,1131500,905200,4526000
Kothavalasa,1500,3,3,1,Standard,Luxury,Yes,Yes,No,1870000,850000,680000,3400000
Madhurawada,2500,4,1,1,Standard,Modern,Yes,Yes,No,3382500,1537500,1230000,6150000
MVP Colony,2000,1,2,1,Basic,Normal,Yes,Yes,No,2222000,1010000,808000,4040000
Gajuwaka,1200,4,2,1,Premium,Luxury,Yes,Yes,Yes,2400200,1091000,872800,4364000
Pendurthi,2000,2,2,1,Basic,Luxury,Yes,Yes,Yes,2288000,1040000,832000,4160000
Bheemili,1200,4,3,1,Basic,Luxury,No,No,Yes,1386000,630000,504000,2520000
MVP Colony,2500,2,2,1,Basic,Modern,Yes,Yes,Yes,2915000,1325000,1060000,5300000
Kommadi,1000,1,2,1,Premium,Luxury,Yes,Yes,Yes,1999250,908750,727000,3635000
MVP Colony,2000,4,2,1,Standard,Modern,No,Yes,Yes,2805000,1275000,1020000,5100000
Atchutapuram,2500,4,2,1,Premium,Luxury,Yes,No,Yes,3781250,1718750,1375000,6875000
Pendurthi,2000,2,1,1,Basic,Normal,Yes,Yes,No,1958000,890000,712000,3560000
Bheemili,1800,3,4,2,Standard,Normal,No,Yes,Yes,2310000,1050000,840000,4200000
Padmanabham,1800,3,2,1,Basic,Modern,Yes,No,Yes,1621400,737000,589600,2948000
MVP Colony,1800,1,4,1,Premium,Modern,Yes,No,No,3427600,1558000,1246400,6232000
MVP Colony,2000,4,1,1,Standard,Modern,No,No,Yes,2805000,1275000,1020000,5100000
Bheemili,2500,3,1,1,Premium,Luxury,Yes,No,Yes,4152500,1887500,1510000,7550000
Tagarapuvalasa,1500,4,2,1,Basic,Luxury,No,No,Yes,1584000,720000,576000,2880000
Kothavalasa,2500,4,3,1,Basic,Modern,No,Yes,No,2090000,950000,760000,3800000
MVP Colony,2000,4,1,1,Premium,Modern,No,Yes,Yes,3729000,1695000,1356000,6780000
Parawada,800,1,1,1,Standard,Modern,No,Yes,Yes,957000,435000,348000,1740000
Seethammadhara,1800,1,1,1,Premium,Normal,Yes,Yes,No,3317600,1508000,1206400,6032000
Bheemili,2500,3,1,1,Standard,Modern,Yes,No,Yes,3025000,1375000,1100000,5500000
MVP Colony,2000,4,1,1,Basic,Modern,Yes,No,Yes,2387000,1085000,868000,4340000
Tagarapuvalasa,1000,1,1,1,Basic,Luxury,Yes,Yes,No,1221000,555000,444000,2220000
Kothavalasa,1800,1,3,1,Basic,Modern,Yes,No,No,1645600,748000,598400,2992000
Kommadi,1800,3,4,2,Basic,Modern,Yes,Yes,Yes,2213200,1006000,804800,4024000
Seethammadhara,1000,3,1,1,Premium,Luxury,No,Yes,Yes,2112000,960000,768000,3840000
Bheemili,800,3,3,1,Standard,Modern,Yes,No,Yes,1155000,525000,420000,2100000
Pendurthi,1000,4,3,1,Basic,Luxury,Yes,No,No,1309000,595000,476000,2380000
Anandapuram,1000,2,2,1,Premium,Luxury,No,Yes,No,1760000,800000,640000,3200000
Tagarapuvalasa,1500,3,1,2,Standard,Modern,No,No,No,1952500,887500,710000,3550000
Parawada,800,2,1,2,Premium,Modern,Yes,Yes,Yes,1619200,736000,588800,2944000
Kommadi,1000,3,1,2,Standard,Normal,Yes,No,Yes,1595000,725000,580000,2900000
Rambilli,1200,4,4,2,Basic,Luxury,Yes,No,No,1557600,708000,566400,2832000
MVP Colony,1500,2,2,2,Basic,Modern,Yes,Yes,No,2079000,945000,756000,3780000
MVP Colony,1200,2,4,1,Standard,Luxury,No,Yes,Yes,1914000,870000,696000,3480000
Kothavalasa,2500,3,1,2,Premium,Modern,No,Yes,No,3726250,1693750,1355000,6775000
MVP Colony,1500,4,2,1,Basic,Modern,Yes,Yes,No,1804000,820000,656000,3280000
Bheemili,2000,3,1,1,Standard,Modern,No,Yes,Yes,2365000,1075000,860000,4300000
Gajuwaka,2000,1,4,2,Standard,Luxury,No,Yes,Yes,3025000,1375000,1100000,5500000
Seethammadhara,1000,4,4,2,Premium,Modern,No,No,No,2167000,985000,788000,3940000
Kothavalasa,1500,3,1,1,Premium,Luxury,No,Yes,No,2279750,1036250,829000,4145000
Seethammadhara,1500,4,2,1,Standard,Normal,Yes,Yes,Yes,2145000,975000,780000,3900000
Gajuwaka,2500,2,1,2,Premium,Modern,No,Yes,No,4468750,2031250,1625000,8125000
Anandapuram,2500,4,1,1,Premium,Luxury,Yes,No,No,4097500,1862500,1490000,7450000
Gajuwaka,2500,3,2,1,Basic,Modern,No,No,Yes,2585000,1175000,940000,4700000
Padmanabham,1500,3,1,1,Basic,Modern,Yes,No,Yes,1397000,635000,508000,2540000
Bheemili,800,4,3,1,Standard,Modern,No,Yes,No,990000,450000,360000,1800000
Madhurawada,1500,4,2,2,Basic,Luxury,Yes,No,No,2178000,990000,792000,3960000
Seethammadhara,2500,2,3,1,Basic,Normal,Yes,No,Yes,2805000,1275000,1020000,5100000
Rambilli,2000,1,1,1,Basic,Luxury,Yes,No,No,1881000,855000,684000,3420000
Tagarapuvalasa,1500,1,3,2,Premium,Modern,Yes,No,Yes,2666125,1211875,969500,4847500
Sabbavaram,1200,2,4,1,Basic,Normal,Yes,No,No,1060400,482000,385600,1928000
Atchutapuram,1200,2,1,1,Premium,Normal,Yes,Yes,No,1713800,779000,623200,3116000
Atchutapuram,1200,2,4,1,Premium,Modern,No,Yes,No,1713800,779000,623200,3116000
Gajuwaka,800,2,1,2,Premium,Modern,No,No,Yes,1746800,794000,635200,3176000
Madhurawada,2000,3,4,1,Basic,Luxury,Yes,No,Yes,2464000,1120000,896000,4480000
Kommadi,2000,4,4,1,Standard,Luxury,No,Yes,Yes,2640000,1200000,960000,4800000
MVP Colony,800,2,2,1,Premium,Modern,No,Yes,Yes,1590600,723000,578400,2892000
Seethammadhara,1800,4,1,1,Standard,Luxury,Yes,No,No,2761000,1255000,1004000,5020000
Kothavalasa,1800,3,4,1,Premium,Modern,No,Yes,No,2515700,1143500,914800,4574000
Bheemili,2500,2,2,1,Standard,Normal,Yes,Yes,Yes,2915000,1325000,1060000,5300000
Pendurthi,2500,3,2,1,Basic,Normal,No,No,No,2310000,1050000,840000,4200000
Parawada,1200,4,2,2,Premium,Luxury,Yes,No,Yes,2318800,1054000,843200,4216000
Atchutapuram,1200,1,3,1,Basic,Modern,No,No,No,1060400,482000,385600,1928000
Padmanabham,2500,4,3,1,Basic,Normal,No,Yes,Yes,1925000,875000,700000,3500000
Padmanabham,800,2,1,1,Standard,Luxury,Yes,No,No,1133000,515000,412000,2060000
Madhurawada,1800,2,2,2,Basic,Modern,Yes,No,Yes,2371600,1078000,862400,4312000
Kommadi,1000,3,1,1,Basic,Luxury,No,No,Yes,1254000,570000,456000,2280000
Pendurthi,1200,1,4,2,Basic,Modern,Yes,No,No,1603800,729000,583200,2916000
Madhurawada,1500,3,1,1,Standard,Modern,No,Yes,No,2007500,912500,730000,3650000
Atchutapuram,800,3,2,2,Basic,Luxury,No,No,Yes,1238600,563000,450400,2252000
Tagarapuvalasa,2000,2,3,2,Basic,Luxury,Yes,No,Yes,2387000,1085000,868000,4340000
Seethammadhara,800,1,4,1,Basic,Modern,Yes,No,Yes,1119800,509000,407200,2036000
Atchutapuram,800,1,2,1,Standard,Modern,Yes,Yes,No,1012000,460000,368000,1840000
Sabbavaram,2500,1,1,1,Standard,Modern,No,Yes,No,2585000,1175000,940000,4700000
Rambilli,1500,3,1,1,Basic,Normal,No,No,Yes,1177000,535000,428000,2140000
Rambilli,1000,3,4,2,Basic,Modern,No,Yes,Yes,1188000,540000,432000,2160000
Parawada,1000,1,2,2,Standard,Luxury,No,Yes,No,1540000,700000,560000,2800000
Parawada,1000,2,3,2,Basic,Modern,No,No,No,1177000,535000,428000,2140000
MVP Colony,2500,4,4,1,Basic,Luxury,No,Yes,No,2915000,1325000,1060000,5300000
Parawada,1500,2,3,1,Standard,Normal,No,Yes,No,1485000,675000,540000,2700000
Kothavalasa,1000,1,3,1,Premium,Modern,No,No,Yes,1501500,682500,546000,2730000
Kothavalasa,800,3,2,1,Standard,Normal,No,Yes,No,792000,360000,288000,1440000
Seethammadhara,1800,1,3,1,Basic,Modern,No,No,No,2010800,914000,731200,3656000
Padmanabham,1200,4,4,1,Premium,Luxury,No,No,No,1789700,813500,650800,3254000
Tagarapuvalasa,1200,2,1,1,Standard,Luxury,No,Yes,Yes,1584000,720000,576000,2880000
Madhurawada,1000,4,1,2,Standard,Modern,Yes,Yes,Yes,1815000,825000,660000,3300000
Kommadi,2500,4,1,1,Basic,Luxury,Yes,No,Yes,2750000,1250000,1000000,5000000
Pendurthi,1200,1,1,1,Standard,Luxury,Yes,Yes,Yes,1826000,830000,664000,3320000
MVP Colony,1200,3,3,1,Basic,Modern,Yes,Yes,Yes,1542200,701000,560800,2804000
Atchutapuram,1500,2,4,2,Basic,Luxury,Yes,Yes,No,1848000,840000,672000,3360000
Tagarapuvalasa,1800,4,4,1,Premium,Modern,Yes,No,Yes,2814350,1279250,1023400,5117000
Kommadi,2000,2,3,1,Premium,Normal,Yes,Yes,No,3228500,1467500,1174000,5870000
Sabbavaram,1000,2,4,1,Premium,Luxury,No,No,Yes,1666500,757500,606000,3030000
Parawada,1500,2,2,1,Basic,Luxury,No,Yes,No,1463000,665000,532000,2660000
Sabbavaram,2500,4,4,1,Basic,Normal,No,Yes,No,1980000,900000,720000,3600000
Parawada,800,4,2,1,Standard,Luxury,Yes,Yes,Yes,1232000,560000,448000,2240000
Seethammadhara,1500,2,1,2,Standard,Normal,No,Yes,No,2255000,1025000,820000,4100000
Madhurawada,2500,3,1,2,Basic,Modern,Yes,No,No,3025000,1375000,1100000,5500000
Kommadi,1500,1,2,1,Premium,Normal,No,Yes,No,2338875,1063125,850500,4252500
Anandapuram,2000,4,2,1,Standard,Modern,No,Yes,Yes,2365000,1075000,860000,4300000
Gajuwaka,1000,4,2,1,Standard,Modern,No,No,Yes,1375000,625000,500000,2500000
Gajuwaka,1000,2,2,1,Standard,Modern,No,No,Yes,1375000,625000,500000,2500000
Madhurawada,2000,4,2,1,Standard,Luxury,No,No,No,2805000,1275000,1020000,5100000
Atchutapuram,2500,3,2,1,Basic,Normal,Yes,Yes,No,2090000,950000,760000,3800000
MVP Colony,1000,2,2,2,Standard,Modern,No,No,No,1705000,775000,620000,3100000
Sabbavaram,2000,3,1,1,Premium,Luxury,Yes,Yes,No,3058000,1390000,1112000,5560000
Atchutapuram,1200,2,1,1,Premium,Modern,Yes,Yes,No,1823800,829000,663200,3316000
MVP Colony,2000,4,3,1,Premium,Modern,Yes,No,Yes,3839000,1745000,1396000,6980000
Sabbavaram,800,3,4,1,Premium,Luxury,No,No,No,1344200,611000,488800,2444000
Pendurthi,1200,3,1,1,Premium,Modern,No,Yes,No,1981100,900500,720400,3602000
Tagarapuvalasa,1200,1,2,2,Basic,Normal,No,Yes,Yes,1333200,606000,484800,2424000
Rambilli,1200,2,1,1,Basic,Normal,Yes,No,No,1007600,458000,366400,1832000
Madhurawada,1200,4,1,1,Basic,Normal,No,Yes,No,1214400,552000,441600,2208000
Bheemili,1800,2,3,1,Premium,Normal,Yes,No,No,2783000,1265000,1012000,5060000
Tagarapuvalasa,1200,1,2,1,Basic,Modern,Yes,No,Yes,1278200,581000,464800,2324000
Bheemili,2500,4,3,1,Standard,Luxury,No,No,No,3025000,1375000,1100000,5500000
Parawada,1000,3,2,2,Standard,Normal,Yes,Yes,No,1375000,625000,500000,2500000
Rambilli,1500,2,4,2,Premium,Luxury,No,Yes,Yes,2498375,1135625,908500,4542500
Parawada,2000,2,4,1,Premium,Luxury,Yes,Yes,No,3058000,1390000,1112000,5560000
Rambilli,800,2,4,1,Standard,Modern,Yes,No,Yes,1023000,465000,372000,1860000
Atchutapuram,1000,2,3,2,Standard,Modern,No,No,No,1375000,625000,500000,2500000
Gajuwaka,1200,1,1,1,Standard,Modern,Yes,Yes,No,1672000,760000,608000,3040000
Rambilli,1800,4,2,2,Standard,Luxury,No,No,Yes,2288000,1040000,832000,4160000
Tagarapuvalasa,2500,2,2,2,Premium,Modern,Yes,Yes,No,4021875,1828125,1462500,7312500
Rambilli,1200,1,3,1,Standard,Normal,No,Yes,Yes,1177000,535000,428000,2140000
Sabbavaram,1500,1,3,1,Premium,Luxury,Yes,No,Yes,2444750,1111250,889000,4445000
Atchutapuram,1200,4,3,1,Standard,Luxury,No,No,No,1463000,665000,532000,2660000
MVP Colony,800,4,4,1,Basic,Normal,No,Yes,Yes,899800,409000,327200,1636000
Sabbavaram,2000,3,3,1,Standard,Modern,Yes,No,Yes,2255000,1025000,820000,4100000
Tagarapuvalasa,1500,1,3,1,Basic,Luxury,No,No,Yes,1584000,720000,576000,2880000
Bheemili,800,3,1,1,Standard,Normal,No,Yes,Yes,935000,425000,340000,1700000
Bheemili,1200,3,3,1,Premium,Luxury,No,No,Yes,2112000,960000,768000,3840000
Kommadi,1800,1,1,1,Basic,Modern,Yes,Yes,Yes,1938200,881000,704800,3524000
Kommadi,1800,1,2,1,Premium,Luxury,No,Yes,No,3081650,1400750,1120600,5603000
Madhurawada,1500,3,3,1,Standard,Modern,Yes,Yes,Yes,2172500,987500,790000,3950000
Seethammadhara,800,1,2,1,Basic,Normal,No,No,No,844800,384000,307200,1536000
Bheemili,1200,4,3,1,Standard,Modern,No,Yes,No,1430000,650000,520000,2600000
Madhurawada,1800,3,3,2,Premium,Luxury,Yes,No,Yes,3788950,1722250,1377800,6889000
Madhurawada,800,3,1,1,Premium,Normal,Yes,Yes,No,1476200,671000,536800,2684000
Kothavalasa,2000,1,4,2,Standard,Luxury,No,No,Yes,2585000,1175000,940000,4700000
Seethammadhara,800,1,4,2,Premium,Normal,No,No,No,1700600,773000,618400,3092000
Gajuwaka,1000,4,3,2,Premium,Normal,No,Yes,Yes,1963500,892500,714000,3570000
Atchutapuram,1200,3,3,1,Basic,Luxury,Yes,Yes,No,1335400,607000,485600,2428000
Atchutapuram,1000,2,4,1,Basic,Modern,No,No,Yes,957000,435000,348000,1740000
Parawada,1500,4,3,1,Basic,Luxury,No,No,No,1463000,665000,532000,2660000
Tagarapuvalasa,2500,1,3,1,Standard,Modern,No,Yes,Yes,2777500,1262500,1010000,5050000
Kommadi,1800,4,2,2,Basic,Modern,Yes,Yes,No,2158200,981000,784800,3924000
Parawada,1500,4,3,1,Standard,Normal,No,No,No,1485000,675000,540000,2700000
Gajuwaka,1500,1,2,1,Basic,Normal,Yes,Yes,Yes,1617000,735000,588000,2940000
Parawada,1000,3,4,1,Basic,Luxury,No,Yes,Yes,1122000,510000,408000,2040000
Bheemili,800,1,3,1,Premium,Normal,No,No,Yes,1243000,565000,452000,2260000
Atchutapuram,800,2,4,1,Premium,Normal,No,Yes,No,1069200,486000,388800,1944000
Seethammadhara,1000,3,3,1,Standard,Luxury,No,No,No,1595000,725000,580000,2900000
Tagarapuvalasa,2000,1,3,2,Premium,Modern,Yes,Yes,Yes,3371500,1532500,1226000,6130000
Sabbavaram,1000,2,2,2,Premium,Modern,No,Yes,Yes,1776500,807500,646000,3230000
Rambilli,1800,4,1,1,Basic,Luxury,Yes,No,No,1731400,787000,629600,3148000
Gajuwaka,2500,3,1,2,Basic,Luxury,No,No,Yes,3025000,1375000,1100000,5500000
Parawada,1200,1,2,2,Premium,Modern,Yes,No,No,2098800,954000,763200,3816000
Sabbavaram,1800,3,1,2,Basic,Modern,No,No,No,1810600,823000,658400,3292000
MVP Colony,800,2,4,2,Standard,Normal,Yes,Yes,Yes,1496000,680000,544000,2720000
Kommadi,1800,3,2,2,Basic,Luxury,Yes,No,No,2323200,1056000,844800,4224000
Parawada,1200,3,2,1,Premium,Normal,Yes,No,No,1713800,779000,623200,3116000
Tagarapuvalasa,1800,4,3,1,Basic,Luxury,Yes,No,Yes,1944800,884000,707200,3536000
Madhurawada,1000,4,1,1,Basic,Normal,No,No,No,1012000,460000,368000,1840000
Atchutapuram,1800,1,1,1,Standard,Modern,Yes,Yes,Yes,2057000,935000,748000,3740000
Rambilli,1200,3,1,1,Premium,Luxury,Yes,No,Yes,1954700,888500,710800,3554000
Gajuwaka,800,3,1,1,Basic,Luxury,Yes,No,No,1159400,527000,421600,2108000
Seethammadhara,1200,1,4,1,Standard,Modern,Yes,Yes,Yes,1859000,845000,676000,3380000
Seethammadhara,800,2,1,2,Basic,Modern,Yes,No,No,1339800,609000,487200,2436000
Parawada,1000,3,4,1,Standard,Normal,No,Yes,No,990000,450000,360000,1800000
Pendurthi,1000,3,3,1,Premium,Luxury,No,No,No,1834250,833750,667000,3335000
MVP Colony,1000,1,4,1,Premium,Modern,Yes,No,Yes,2057000,935000,748000,3740000
Parawada,1200,1,4,1,Premium,Luxury,No,Yes,No,1878800,854000,683200,3416000
Tagarapuvalasa,1200,3,3,1,Premium,Normal,Yes,No,No,1802900,819500,655600,3278000
Seethammadhara,800,4,2,2,Premium,Luxury,No,Yes,Yes,2030600,923000,738400,3692000
Parawada,1000,4,4,2,Basic,Normal,No,Yes,Yes,1122000,510000,408000,2040000
Sabbavaram,1200,4,4,2,Standard,Normal,No,Yes,Yes,1518000,690000,552000,2760000
Padmanabham,1500,3,4,1,Basic,Modern,No,Yes,No,1232000,560000,448000,2240000
Gajuwaka,1800,4,1,2,Standard,Luxury,Yes,Yes,No,2838000,1290000,1032000,5160000
Padmanabham,2500,1,2,1,Standard,Luxury,Yes,No,Yes,2777500,1262500,1010000,5050000
Gajuwaka,2000,3,2,1,Basic,Luxury,No,No,Yes,2266000,1030000,824000,4120000
Atchutapuram,1000,1,4,1,Basic,Luxury,Yes,No,No,1177000,535000,428000,2140000
Madhurawada,1000,3,1,1,Standard,Normal,No,Yes,Yes,1320000,600000,480000,2400000
MVP Colony,1000,3,4,2,Premium,Normal,Yes,No,No,2167000,985000,788000,3940000
Seethammadhara,1800,1,1,1,Standard,Normal,No,Yes,Yes,2431000,1105000,884000,4420000
Sabbavaram,2000,2,1,2,Basic,Luxury,Yes,No,Yes,2299000,1045000,836000,4180000
Madhurawada,1800,2,4,2,Premium,Modern,No,No,Yes,3513950,1597250,1277800,6389000
Padmanabham,2000,1,2,2,Premium,Normal,Yes,No,No,2909500,1322500,1058000,5290000
Pendurthi,1500,4,1,1,Premium,Luxury,Yes,No,Yes,2778875,1263125,1010500,5052500
Parawada,2500,3,1,1,Premium,Luxury,Yes,Yes,No,3726250,1693750,1355000,6775000
Seethammadhara,1000,2,4,1,Standard,Modern,No,Yes,No,1430000,650000,520000,2600000
Anandapuram,1800,1,2,1,Premium,Luxury,No,No,Yes,3003000,1365000,1092000,5460000
Tagarapuvalasa,1500,4,1,1,Standard,Modern,No,No,No,1677500,762500,610000,3050000
MVP Colony,1800,1,1,1,Basic,Modern,Yes,Yes,No,2120800,964000,771200,3856000
Gajuwaka,2500,1,1,1,Premium,Normal,No,No,Yes,4138750,1881250,1505000,7525000
Atchutapuram,800,2,3,1,Standard,Luxury,Yes,No,Yes,1232000,560000,448000,2240000
Kommadi,1200,2,2,1,Basic,Luxury,Yes,Yes,Yes,1548800,704000,563200,2816000
MVP Colony,2500,3,4,1,Standard,Modern,Yes,Yes,No,3520000,1600000,1280000,6400000
Pendurthi,1000,4,3,2,Standard,Modern,No,No,Yes,1595000,725000,580000,2900000
Bheemili,1500,3,3,2,Basic,Normal,No,Yes,Yes,1650000,750000,600000,3000000
Parawada,2500,3,3,1,Premium,Modern,No,Yes,No,3451250,1568750,1255000,6275000
Bheemili,1500,2,2,1,Basic,Luxury,No,No,No,1595000,725000,580000,2900000
Kommadi,1000,2,3,2,Basic,Luxury,No,No,Yes,1529000,695000,556000,2780000
Anandapuram,1200,3,1,1,Standard,Modern,Yes,Yes,Yes,1595000,725000,580000,2900000
Rambilli,2500,1,4,2,Basic,Normal,No,No,Yes,2200000,1000000,800000,4000000
Seethammadhara,1200,2,2,2,Standard,Luxury,Yes,Yes,Yes,2299000,1045000,836000,4180000
Padmanabham,1500,1,2,2,Standard,Normal,Yes,No,Yes,1842500,837500,670000,3350000
Tagarapuvalasa,800,1,2,1,Premium,Normal,No,No,No,1128600,513000,410400,2052000
Kothavalasa,1200,4,1,1,Standard,Normal,No,No,Yes,1243000,565000,452000,2260000
MVP Colony,1200,4,2,1,Basic,Luxury,Yes,Yes,No,1652200,751000,600800,3004000
Madhurawada,1200,4,4,1,Basic,Luxury,Yes,No,No,1599400,727000,581600,2908000
Seethammadhara,800,4,1,1,Basic,Modern,No,No,Yes,1009800,459000,367200,1836000
Atchutapuram,2500,1,2,1,Standard,Luxury,Yes,No,Yes,2915000,1325000,1060000,5300000
Tagarapuvalasa,1000,2,3,1,Premium,Luxury,No,No,No,1685750,766250,613000,3065000
Kothavalasa,2500,2,4,2,Basic,Modern,No,Yes,Yes,2420000,1100000,880000,4400000
Padmanabham,1200,1,3,1,Standard,Normal,No,Yes,Yes,1177000,535000,428000,2140000
Bheemili,2000,1,3,1,Basic,Normal,No,Yes,Yes,1815000,825000,660000,3300000
Anandapuram,800,2,1,1,Standard,Luxury,No,Yes,Yes,1210000,550000,440000,2200000
Atchutapuram,2000,1,1,2,Standard,Luxury,No,No,Yes,2585000,1175000,940000,4700000
Atchutapuram,2500,1,1,2,Basic,Normal,No,Yes,Yes,2310000,1050000,840000,4200000
Bheemili,1800,4,3,1,Basic,Normal,No,No,Yes,1639000,745000,596000,2980000
Kothavalasa,1500,3,2,1,Premium,Modern,Yes,No,Yes,2279750,1036250,829000,4145000
Sabbavaram,800,1,2,2,Basic,Normal,No,No,Yes,963600,438000,350400,1752000
Kommadi,2500,4,1,2,Basic,Luxury,No,No,No,2860000,1300000,1040000,5200000
Tagarapuvalasa,1000,4,2,1,Basic,Normal,No,No,No,836000,380000,304000,1520000
Padmanabham,800,4,1,1,Standard,Luxury,Yes,No,No,1133000,515000,412000,2060000
Pendurthi,2000,2,1,1,Premium,Luxury,Yes,Yes,No,3503500,1592500,1274000,6370000
Padmanabham,1000,4,3,1,Standard,Luxury,Yes,Yes,Yes,1375000,625000,500000,2500000
MVP Colony,2500,4,4,1,Standard,Luxury,No,Yes,Yes,3630000,1650000,1320000,6600000
Padmanabham,1200,1,2,1,Standard,Modern,No,No,No,1232000,560000,448000,2240000
Kothavalasa,2500,4,1,1,Basic,Modern,Yes,Yes,Yes,2255000,1025000,820000,4100000
Sabbavaram,1500,4,2,1,Premium,Modern,Yes,No,Yes,2279750,1036250,829000,4145000
Anandapuram,2500,1,3,1,Basic,Luxury,Yes,Yes,Yes,2640000,1200000,960000,4800000
MVP Colony,1000,1,2,2,Standard,Normal,No,No,No,1595000,725000,580000,2900000
Parawada,2000,3,2,1,Premium,Modern,No,No,No,2783000,1265000,1012000,5060000
Padmanabham,1000,2,2,1,Basic,Normal,Yes,Yes,No,858000,390000,312000,1560000
Madhurawada,2500,1,2,1,Standard,Modern,No,Yes,No,3272500,1487500,1190000,5950000
Bheemili,2500,3,3,2,Basic,Normal,Yes,Yes,No,2585000,1175000,940000,4700000
Atchutapuram,1500,2,2,1,Premium,Modern,No,No,Yes,2169750,986250,789000,3945000
Madhurawada,1000,4,4,1,Basic,Luxury,No,No,No,1287000,585000,468000,2340000
Kothavalasa,800,4,4,1,Basic,Modern,Yes,Yes,Yes,908600,413000,330400,1652000
Parawada,2500,4,2,1,Premium,Normal,No,Yes,No,3341250,1518750,1215000,6075000
Gajuwaka,1800,2,1,2,Basic,Modern,No,Yes,No,2127400,967000,773600,3868000
Rambilli,800,4,4,1,Premium,Modern,Yes,No,No,1229800,559000,447200,2236000
Rambilli,800,4,3,1,Premium,Modern,Yes,Yes,Yes,1284800,584000,467200,2336000
Kothavalasa,1500,4,1,1,Premium,Modern,No,Yes,No,2114750,961250,769000,3845000
Bheemili,1800,1,4,1,Basic,Modern,Yes,No,No,1804000,820000,656000,3280000
Bheemili,2500,1,3,1,Premium,Normal,Yes,No,Yes,3877500,1762500,1410000,7050000
Sabbavaram,1500,2,2,1,Premium,Modern,Yes,Yes,No,2224750,1011250,809000,4045000
MVP Colony,2000,2,2,1,Standard,Normal,Yes,Yes,No,2750000,1250000,1000000,5000000
Pendurthi,1000,1,1,1,Basic,Modern,No,No,No,1034000,470000,376000,1880000
Seethammadhara,2000,2,3,2,Standard,Normal,Yes,Yes,Yes,3080000,1400000,1120000,5600000
Kommadi,2000,1,1,1,Premium,Modern,Yes,Yes,Yes,3393500,1542500,1234000,6170000
Atchutapuram,1800,4,2,2,Standard,Normal,Yes,Yes,No,2167000,985000,788000,3940000
Sabbavaram,1000,2,2,2,Basic,Modern,Yes,No,No,1287000,585000,468000,2340000
MVP Colony,1200,2,3,1,Standard,Luxury,Yes,Yes,Yes,2024000,920000,736000,3680000
Bheemili,1800,2,4,1,Basic,Luxury,Yes,Yes,No,1969000,895000,716000,3580000
MVP Colony,2500,3,1,1,Premium,Luxury,No,Yes,No,4730000,2150000,1720000,8600000
Sabbavaram,2000,3,4,1,Premium,Luxury,Yes,No,No,3058000,1390000,1112000,5560000
Bheemili,800,4,2,1,Standard,Normal,Yes,Yes,Yes,1045000,475000,380000,1900000
MVP Colony,2000,3,1,1,Basic,Normal,No,No,Yes,2167000,985000,788000,3940000
MVP Colony,2500,4,3,1,Basic,Luxury,No,Yes,No,2915000,1325000,1060000,5300000
Parawada,1500,4,1,1,Standard,Normal,Yes,Yes,No,1595000,725000,580000,2900000
MVP Colony,1200,4,2,2,Premium,Normal,No,No,No,2413400,1097000,877600,4388000
MVP Colony,1000,4,1,2,Premium,Normal,No,No,No,2057000,935000,748000,3740000
Rambilli,1200,2,2,1,Basic,Luxury,No,Yes,Yes,1227600,558000,446400,2232000
Kothavalasa,1200,3,2,1,Basic,Normal,Yes,Yes,Yes,1115400,507000,405600,2028000
Kothavalasa,2500,4,3,1,Standard,Modern,No,Yes,No,2585000,1175000,940000,4700000
Atchutapuram,1800,2,3,1,Basic,Modern,No,Yes,No,1535600,698000,558400,2792000
Padmanabham,1500,2,4,1,Standard,Normal,No,Yes,Yes,1457500,662500,530000,2650000
Sabbavaram,1200,3,3,1,Basic,Luxury,No,Yes,Yes,1280400,582000,465600,2328000
Kommadi,800,1,3,1,Standard,Modern,No,No,No,1034000,470000,376000,1880000
Parawada,800,4,2,1,Premium,Normal,Yes,Yes,Yes,1234200,561000,448800,2244000
Rambilli,1500,2,4,2,Premium,Luxury,No,Yes,Yes,2498375,1135625,908500,4542500
Madhurawada,2000,2,4,1,Premium,Normal,Yes,Yes,No,3525500,1602500,1282000,6410000
Gajuwaka,2000,4,4,1,Standard,Normal,Yes,No,No,2530000,1150000,920000,4600000
Sabbavaram,1500,2,4,2,Premium,Modern,Yes,Yes,No,2499750,1136250,909000,4545000
Sabbavaram,1000,3,2,1,Standard,Luxury,No,Yes,Yes,1320000,600000,480000,2400000
Pendurthi,2500,2,4,1,Premium,Luxury,No,Yes,No,4173125,1896875,1517500,7587500
Rambilli,1000,3,4,1,Basic,Luxury,No,No,No,1023000,465000,372000,1860000
Atchutapuram,1200,1,1,1,Premium,Modern,Yes,No,Yes,1878800,854000,683200,3416000
Kothavalasa,2500,2,2,1,Basic,Normal,No,Yes,No,1980000,900000,720000,3600000
Kommadi,1500,4,2,1,Basic,Modern,No,No,No,1496000,680000,544000,2720000
Anandapuram,2000,3,1,1,Premium,Normal,Yes,No,No,3080000,1400000,1120000,5600000
Kothavalasa,2500,4,1,1,Basic,Luxury,No,No,Yes,2310000,1050000,840000,4200000
Pendurthi,2000,4,1,1,Standard,Modern,Yes,No,Yes,2585000,1175000,940000,4700000
Pendurthi,1500,2,1,2,Premium,Luxury,No,Yes,Yes,2943875,1338125,1070500,5352500
Bheemili,2000,1,3,1,Premium,Normal,No,Yes,No,2970000,1350000,1080000,5400000
Kommadi,800,2,3,1,Basic,Normal,Yes,Yes,No,849200,386000,308800,1544000
MVP Colony,2000,2,3,2,Premium,Luxury,No,No,Yes,4169000,1895000,1516000,7580000
Tagarapuvalasa,1500,1,4,1,Standard,Luxury,No,Yes,No,1842500,837500,670000,3350000
Kommadi,2000,1,3,1,Standard,Normal,Yes,No,No,2420000,1100000,880000,4400000
Tagarapuvalasa,2000,3,4,1,Basic,Luxury,Yes,Yes,No,2057000,935000,748000,3740000
Atchutapuram,800,4,4,1,Premium,Modern,No,Yes,Yes,1234200,561000,448800,2244000
Padmanabham,1200,4,2,1,Standard,Modern,Yes,Yes,No,1342000,610000,488000,2440000
Padmanabham,1500,4,3,1,Basic,Luxury,No,No,Yes,1452000,660000,528000,2640000
Anandapuram,1500,3,2,2,Standard,Modern,No,Yes,No,2035000,925000,740000,3700000
Rambilli,1200,1,4,1,Basic,Luxury,Yes,Yes,No,1282600,583000,466400,2332000
Gajuwaka,1000,2,4,2,Premium,Modern,No,No,Yes,2073500,942500,754000,3770000
Bheemili,2000,4,2,2,Standard,Luxury,Yes,Yes,No,2860000,1300000,1040000,5200000
Parawada,1500,3,1,1,Basic,Luxury,Yes,Yes,Yes,1628000,740000,592000,2960000
Seethammadhara,2000,4,1,1,Standard,Normal,No,No,Yes,2695000,1225000,980000,4900000
Rambilli,2500,3,2,2,Standard,Modern,No,Yes,Yes,2777500,1262500,1010000,5050000
Rambilli,2500,1,4,1,Premium,Luxury,Yes,Yes,No,3540625,1609375,1287500,6437500
MVP Colony,1000,4,2,1,Standard,Modern,No,No,No,1430000,650000,520000,2600000
MVP Colony,800,3,4,1,Standard,Normal,No,No,No,1056000,480000,384000,1920000
Tagarapuvalasa,1500,2,4,1,Premium,Normal,Yes,Yes,Yes,2281125,1036875,829500,4147500
Rambilli,1200,4,3,2,Premium,Modern,No,No,Yes,1954700,888500,710800,3554000
Rambilli,1200,4,2,2,Premium,Luxury,Yes,Yes,Yes,2229700,1013500,810800,4054000
Kommadi,1200,3,2,1,Basic,Modern,Yes,No,Yes,1383800,629000,503200,2516000
Seethammadhara,1800,1,2,1,Premium,Luxury,Yes,No,Yes,3647600,1658000,1326400,6632000
Rambilli,800,1,1,1,Basic,Luxury,Yes,No,Yes,1038400,472000,377600,1888000
Bheemili,1800,1,3,2,Standard,Luxury,No,Yes,Yes,2585000,1175000,940000,4700000
Bheemili,2000,4,4,2,Premium,Modern,Yes,Yes,Yes,3520000,1600000,1280000,6400000
Pendurthi,2000,3,3,1,Premium,Normal,Yes,Yes,No,3228500,1467500,1174000,5870000
Parawada,1500,2,4,1,Standard,Modern,Yes,No,No,1705000,775000,620000,3100000
Madhurawada,1500,4,1,1,Basic,Modern,No,Yes,No,1628000,740000,592000,2960000
Madhurawada,1800,1,3,1,Premium,Luxury,Yes,Yes,Yes,3513950,1597250,1277800,6389000
Parawada,1200,4,2,1,Standard,Normal,No,Yes,Yes,1243000,565000,452000,2260000
Atchutapuram,1200,4,4,1,Premium,Luxury,Yes,No,No,1988800,904000,723200,3616000
Kommadi,2500,1,4,2,Premium,Normal,Yes,Yes,Yes,4338125,1971875,1577500,7887500
Atchutapuram,2500,4,4,1,Premium,Luxury,Yes,Yes,No,3726250,1693750,1355000,6775000
Anandapuram,1200,3,2,1,Basic,Normal,No,Yes,Yes,1111000,505000,404000,2020000
MVP Colony,1000,1,2,1,Standard,Luxury,Yes,No,Yes,1760000,800000,640000,3200000
Padmanabham,2000,1,3,1,Premium,Luxury,Yes,Yes,Yes,2964500,1347500,1078000,5390000
Gajuwaka,1000,1,1,2,Standard,Normal,No,Yes,No,1485000,675000,540000,2700000
Parawada,800,4,4,1,Standard,Luxury,No,Yes,Yes,1122000,510000,408000,2040000
Madhurawada,1500,3,4,1,Standard,Modern,Yes,Yes,Yes,2172500,987500,790000,3950000
Anandapuram,2500,3,4,2,Standard,Modern,Yes,No,Yes,3300000,1500000,1200000,6000000
Madhurawada,2000,1,1,1,Basic,Luxury,No,Yes,No,2299000,1045000,836000,4180000
Bheemili,1000,1,4,1,Premium,Luxury,No,No,No,1760000,800000,640000,3200000
Atchutapuram,1800,3,2,1,Standard,Modern,Yes,No,No,2002000,910000,728000,3640000
Anandapuram,1200,2,1,2,Basic,Modern,No,No,Yes,1496000,680000,544000,2720000
Atchutapuram,1200,1,3,1,Premium,Normal,Yes,No,Yes,1768800,804000,643200,3216000
Kothavalasa,2000,4,1,1,Basic,Modern,Yes,Yes,Yes,1859000,845000,676000,3380000
Bheemili,2000,3,1,1,Basic,Normal,Yes,Yes,No,1870000,850000,680000,3400000
Sabbavaram,1200,1,4,1,Standard,Normal,Yes,Yes,No,1298000,590000,472000,2360000
Madhurawada,2000,2,3,1,Standard,Normal,Yes,No,Yes,2695000,1225000,980000,4900000
Bheemili,2000,3,3,1,Standard,Normal,Yes,Yes,Yes,2365000,1075000,860000,4300000
Atchutapuram,800,3,4,1,Basic,Normal,No,Yes,No,633600,288000,230400,1152000
Kothavalasa,800,4,4,2,Standard,Modern,No,No,Yes,1232000,560000,448000,2240000
Tagarapuvalasa,2500,3,4,1,Standard,Modern,Yes,No,No,2832500,1287500,1030000,5150000
Kommadi,1800,4,4,2,Standard,Modern,No,Yes,No,2464000,1120000,896000,4480000
Kothavalasa,2000,2,4,1,Basic,Normal,Yes,No,No,1694000,770000,616000,3080000
Gajuwaka,1800,1,4,1,Basic,Luxury,Yes,Yes,No,2127400,967000,773600,3868000
Seethammadhara,800,3,3,1,Standard,Normal,Yes,No,Yes,1221000,555000,444000,2220000
Kommadi,800,4,2,1,Premium,Luxury,No,Yes,Yes,1577400,717000,573600,2868000
MVP Colony,1800,1,2,2,Standard,Luxury,No,No,Yes,2981000,1355000,1084000,5420000
Parawada,1000,1,2,2,Basic,Normal,Yes,Yes,Yes,1232000,560000,448000,2240000
Bheemili,1000,4,2,2,Basic,Modern,Yes,Yes,No,1375000,625000,500000,2500000
MVP Colony,1200,4,4,1,Premium,Luxury,No,Yes,Yes,2468400,1122000,897600,4488000
Sabbavaram,1800,3,1,1,Standard,Modern,Yes,No,No,2002000,910000,728000,3640000
Sabbavaram,1200,4,1,1,Standard,Normal,No,No,Yes,1243000,565000,452000,2260000
Gajuwaka,1200,3,3,1,Premium,Luxury,Yes,No,No,2345200,1066000,852800,4264000
Sabbavaram,1200,2,3,1,Basic,Modern,Yes,No,No,1170400,532000,425600,2128000
Tagarapuvalasa,1000,1,4,1,Standard,Normal,No,Yes,Yes,1100000,500000,400000,2000000
Sabbavaram,1200,2,2,2,Basic,Modern,No,No,Yes,1390400,632000,505600,2528000
Parawada,2500,3,3,1,Standard,Modern,No,Yes,Yes,2640000,1200000,960000,4800000
Kommadi,1000,3,4,1,Basic,Modern,No,No,No,1034000,470000,376000,1880000
Parawada,1800,2,1,1,Basic,Modern,No,No,Yes,1590600,723000,578400,2892000
Kommadi,2000,2,2,1,Standard,Luxury,Yes,No,Yes,2750000,1250000,1000000,5000000
Atchutapuram,1000,1,2,1,Premium,Modern,No,No,Yes,1501500,682500,546000,2730000
Pendurthi,1800,1,1,1,Premium,Normal,No,Yes,No,2806650,1275750,1020600,5103000
Rambilli,2500,4,4,1,Premium,Normal,Yes,No,No,3265625,1484375,1187500,5937500
Rambilli,1800,1,1,1,Basic,Modern,No,No,Yes,1511400,687000,549600,2748000
Gajuwaka,1800,4,4,1,Premium,Modern,No,Yes,Yes,3105300,1411500,1129200,5646000
Gajuwaka,1000,2,2,1,Basic,Luxury,Yes,No,Yes,1408000,640000,512000,2560000
MVP Colony,1200,3,4,1,Premium,Modern,Yes,No,Yes,2413400,1097000,877600,4388000
Tagarapuvalasa,2500,1,4,1,Premium,Normal,No,Yes,Yes,3581875,1628125,1302500,6512500
Kommadi,1800,3,3,1,Premium,Luxury,Yes,Yes,Yes,3246650,1475750,1180600,5903000
Madhurawada,2500,3,4,1,Premium,Modern,Yes,No,No,4489375,2040625,1632500,8162500
MVP Colony,800,4,4,1,Premium,Modern,Yes,Yes,No,1645600,748000,598400,2992000
Kommadi,2500,3,3,1,Basic,Normal,Yes,No,No,2420000,1100000,880000,4400000
Sabbavaram,2000,4,2,1,Basic,Luxury,No,No,No,1859000,845000,676000,3380000
Atchutapuram,2000,3,4,1,Basic,Normal,No,No,Yes,1639000,745000,596000,2980000
Gajuwaka,1000,1,4,1,Standard,Modern,No,No,Yes,1375000,625000,500000,2500000
Bheemili,1200,3,1,1,Premium,Normal,Yes,No,No,1892000,860000,688000,3440000
Madhurawada,1800,4,3,1,Standard,Luxury,No,Yes,Yes,2607000,1185000,948000,4740000
MVP Colony,1200,1,4,1,Standard,Luxury,Yes,No,Yes,2024000,920000,736000,3680000
Tagarapuvalasa,1200,2,2,2,Standard,Modern,No,Yes,Yes,1694000,770000,616000,3080000
Pendurthi,1800,2,1,2,Basic,Modern,No,Yes,Yes,2103200,956000,764800,3824000
Pendurthi,1800,3,3,1,Premium,Luxury,Yes,Yes,No,3191650,1450750,1160600,5803000
Madhurawada,1800,2,2,1,Standard,Normal,No,Yes,No,2277000,1035000,828000,4140000
Madhurawada,1800,3,4,2,Standard,Normal,No,No,Yes,2607000,1185000,948000,4740000
Pendurthi,800,1,2,2,Premium,Luxury,Yes,Yes,No,1907400,867000,693600,3468000
Kothavalasa,800,3,2,1,Standard,Normal,Yes,No,Yes,957000,435000,348000,1740000
Bheemili,1800,1,2,2,Basic,Normal,No,No,Yes,1914000,870000,696000,3480000
Pendurthi,2500,2,4,2,Premium,Normal,Yes,No,No,4283125,1946875,1557500,7787500
Sabbavaram,1200,2,1,1,Premium,Luxury,Yes,No,Yes,2043800,929000,743200,3716000
Parawada,800,1,2,2,Standard,Normal,No,No,No,1067000,485000,388000,1940000
Madhurawada,2500,3,1,1,Standard,Normal,No,Yes,No,3162500,1437500,1150000,5750000
Atchutapuram,1800,1,2,2,Premium,Modern,No,Yes,No,2790700,1268500,1014800,5074000
Madhurawada,2500,3,4,2,Basic,Normal,Yes,Yes,Yes,2970000,1350000,1080000,5400000
Tagarapuvalasa,2000,2,2,2,Premium,Luxury,No,No,Yes,3426500,1557500,1246000,6230000
Seethammadhara,1200,2,4,2,Premium,Normal,No,No,Yes,2468400,1122000,897600,4488000
Pendurthi,1500,1,2,1,Basic,Luxury,Yes,No,No,1771000,805000,644000,3220000
Parawada,800,4,4,1,Basic,Normal,Yes,No,Yes,798600,363000,290400,1452000
Tagarapuvalasa,800,1,2,1,Premium,Modern,No,Yes,No,1238600,563000,450400,2252000
Sabbavaram,1000,2,3,1,Standard,Normal,No,Yes,Yes,1045000,475000,380000,1900000
Atchutapuram,2500,4,4,1,Standard,Normal,Yes,No,Yes,2640000,1200000,960000,4800000
Kommadi,800,4,4,1,Basic,Modern,Yes,No,Yes,1014200,461000,368800,1844000
Madhurawada,1200,3,2,1,Premium,Normal,No,No,Yes,2104300,956500,765200,3826000
Tagarapuvalasa,800,3,3,1,Premium,Modern,No,Yes,No,1238600,563000,450400,2252000
Tagarapuvalasa,1500,4,2,1,Standard,Luxury,No,Yes,Yes,1897500,862500,690000,3450000
Padmanabham,1200,3,2,2,Standard,Normal,Yes,No,Yes,1562000,710000,568000,2840000
Gajuwaka,1800,4,3,1,Premium,Normal,Yes,No,No,3050300,1386500,1109200,5546000
Kommadi,2500,4,4,1,Basic,Luxury,No,Yes,No,2585000,1175000,940000,4700000
Anandapuram,1000,2,3,2,Basic,Luxury,Yes,Yes,Yes,1595000,725000,580000,2900000
Rambilli,800,1,2,1,Basic,Modern,Yes,Yes,Yes,873400,397000,317600,1588000
Tagarapuvalasa,1500,2,4,1,Standard,Modern,Yes,Yes,Yes,1842500,837500,670000,3350000
Sabbavaram,2000,2,1,1,Premium,Normal,No,No,Yes,2728000,1240000,992000,4960000
Padmanabham,1000,1,1,1,Standard,Modern,Yes,No,Yes,1210000,550000,440000,2200000
MVP Colony,1800,4,4,2,Premium,Luxury,Yes,No,No,3867600,1758000,1406400,7032000
Gajuwaka,1000,4,1,1,Basic,Normal,No,Yes,Yes,1023000,465000,372000,1860000
Sabbavaram,1800,1,3,1,Basic,Modern,No,No,Yes,1590600,723000,578400,2892000
Rambilli,2500,4,1,1,Standard,Modern,Yes,Yes,No,2557500,1162500,930000,4650000
Madhurawada,1800,4,2,1,Premium,Luxury,No,Yes,No,3348950,1522250,1217800,6089000
Sabbavaram,2500,1,3,2,Basic,Modern,Yes,No,No,2475000,1125000,900000,4500000
Anandapuram,2000,2,3,1,Standard,Normal,No,Yes,Yes,2255000,1025000,820000,4100000
Sabbavaram,1800,3,3,1,Basic,Modern,Yes,No,Yes,1700600,773000,618400,3092000
Pendurthi,2000,1,2,1,Premium,Normal,Yes,Yes,Yes,3283500,1492500,1194000,5970000
Pendurthi,2500,1,3,1,Standard,Modern,No,No,No,2997500,1362500,1090000,5450000
Kothavalasa,1500,4,2,1,Premium,Normal,Yes,Yes,Yes,2169750,986250,789000,3945000
Anandapuram,800,1,2,1,Basic,Luxury,Yes,Yes,Yes,1144000,520000,416000,2080000
Pendurthi,1800,1,1,1,Premium,Modern,Yes,No,Yes,3081650,1400750,1120600,5603000
Parawada,2000,1,4,1,Basic,Luxury,No,No,Yes,1914000,870000,696000,3480000
Padmanabham,2000,4,2,1,Standard,Normal,Yes,No,Yes,2035000,925000,740000,3700000
Pendurthi,1200,3,3,1,Basic,Normal,Yes,No,No,1218800,554000,443200,2216000
Tagarapuvalasa,1200,4,1,1,Premium,Modern,Yes,No,No,1912900,869500,695600,3478000
Anandapuram,1200,4,1,1,Premium,Luxury,Yes,Yes,No,2167000,985000,788000,3940000
Padmanabham,2000,4,2,1,Basic,Modern,No,Yes,No,1606000,730000,584000,2920000
Kommadi,1000,2,2,1,Basic,Modern,Yes,No,No,1144000,520000,416000,2080000
Bheemili,2000,3,2,1,Premium,Modern,No,Yes,No,3080000,1400000,1120000,5600000
Kommadi,1800,1,1,1,Basic,Modern,Yes,Yes,No,1883200,856000,684800,3424000
Gajuwaka,1000,3,2,1,Standard,Normal,Yes,No,Yes,1375000,625000,500000,2500000
Bheemili,800,3,4,1,Premium,Luxury,No,Yes,No,1463000,665000,532000,2660000
Sabbavaram,1000,2,2,1,Standard,Modern,Yes,No,No,1210000,550000,440000,2200000
Bheemili,1500,4,4,1,Premium,Normal,Yes,Yes,No,2337500,1062500,850000,4250000
Anandapuram,2000,3,1,1,Standard,Luxury,Yes,No,Yes,2640000,1200000,960000,4800000
Padmanabham,1000,2,4,1,Premium,Modern,Yes,No,No,1482250,673750,539000,2695000
Padmanabham,1200,4,4,1,Basic,Luxury,Yes,Yes,No,1282600,583000,466400,2332000
MVP Colony,1000,4,2,1,Basic,Modern,Yes,No,Yes,1331000,605000,484000,2420000
Atchutapuram,2500,4,2,1,Premium,Luxury,No,No,Yes,3671250,1668750,1335000,6675000
Kothavalasa,1200,4,3,1,Basic,Luxury,No,No,No,1225400,557000,445600,2228000
Gajuwaka,1500,1,4,2,Standard,Normal,Yes,Yes,No,2200000,1000000,800000,4000000
Madhurawada,1500,3,4,1,Basic,Modern,Yes,Yes,Yes,1793000,815000,652000,3260000
Atchutapuram,800,4,3,2,Basic,Luxury,No,No,Yes,1238600,563000,450400,2252000
Sabbavaram,1000,1,3,2,Basic,Modern,No,No,No,1177000,535000,428000,2140000
Pendurthi,2000,1,4,1,Basic,Normal,Yes,Yes,No,1958000,890000,712000,3560000
Madhurawada,1800,3,4,1,Basic,Normal,No,No,Yes,1876600,853000,682400,3412000
Parawada,1800,4,2,1,Premium,Normal,Yes,Yes,No,2515700,1143500,914800,4574000
Tagarapuvalasa,1000,3,4,1,Standard,Normal,Yes,No,Yes,1210000,550000,440000,2200000
Padmanabham,2000,2,4,2,Premium,Modern,Yes,Yes,No,3019500,1372500,1098000,5490000
Atchutapuram,1000,4,3,1,Standard,Luxury,Yes,Yes,No,1375000,625000,500000,2500000
Seethammadhara,1800,4,2,1,Premium,Modern,Yes,No,No,3427600,1558000,1246400,6232000
Kommadi,1500,2,2,1,Standard,Normal,Yes,Yes,No,1842500,837500,670000,3350000
Bheemili,800,4,3,1,Basic,Luxury,Yes,Yes,No,1089000,495000,396000,1980000
Sabbavaram,1000,3,4,1,Standard,Normal,Yes,No,No,1100000,500000,400000,2000000
Bheemili,1500,1,4,1,Basic,Normal,No,No,No,1320000,600000,480000,2400000
Sabbavaram,1500,2,2,1,Basic,Luxury,No,Yes,No,1463000,665000,532000,2660000
MVP Colony,2000,1,2,2,Premium,Normal,Yes,No,No,3949000,1795000,1436000,7180000
Seethammadhara,2500,1,4,2,Premium,Modern,Yes,No,Yes,5005000,2275000,1820000,9100000
Atchutapuram,1000,4,1,1,Premium,Modern,Yes,No,No,1556500,707500,566000,2830000
MVP Colony,800,2,1,1,Standard,Normal,No,Yes,Yes,1111000,505000,404000,2020000
MVP Colony,1800,4,1,2,Standard,Normal,No,Yes,Yes,2706000,1230000,984000,4920000
Seethammadhara,1500,2,3,1,Basic,Luxury,No,Yes,No,1859000,845000,676000,3380000
MVP Colony,1500,2,2,1,Premium,Modern,No,No,Yes,2838000,1290000,1032000,5160000
Pendurthi,1000,3,1,1,Basic,Normal,Yes,Yes,Yes,1089000,495000,396000,1980000
Kothavalasa,800,4,2,2,Standard,Normal,No,No,Yes,1122000,510000,408000,2040000
Pendurthi,2000,1,3,2,Basic,Normal,No,No,Yes,2178000,990000,792000,3960000
Kommadi,1200,3,4,1,Basic,Normal,No,No,Yes,1163800,529000,423200,2116000
Padmanabham,1800,2,4,1,Premium,Modern,No,No,Yes,2437050,1107750,886200,4431000
Sabbavaram,800,4,2,1,Premium,Modern,Yes,No,Yes,1344200,611000,488800,2444000
MVP Colony,1500,3,1,2,Basic,Luxury,Yes,No,Yes,2299000,1045000,836000,4180000
Kothavalasa,1000,1,1,1,Basic,Luxury,Yes,Yes,No,1177000,535000,428000,2140000
Madhurawada,2500,2,3,1,Premium,Modern,No,Yes,Yes,4434375,2015625,1612500,8062500
Pendurthi,1200,2,3,1,Standard,Normal,No,Yes,No,1386000,630000,504000,2520000
Madhurawada,1000,3,2,1,Premium,Normal,No,Yes,No,1707750,776250,621000,3105000
Kothavalasa,1500,1,3,1,Standard,Luxury,No,No,No,1760000,800000,640000,3200000
Seethammadhara,1800,1,3,1,Premium,Luxury,Yes,Yes,No,3592600,1633000,1306400,6532000
Pendurthi,1500,3,2,1,Standard,Normal,Yes,Yes,No,1842500,837500,670000,3350000
Kommadi,1200,1,4,1,Standard,Normal,No,Yes,Yes,1441000,655000,524000,2620000
Sabbavaram,1500,1,3,1,Premium,Modern,Yes,No,No,2224750,1011250,809000,4045000
Atchutapuram,800,3,3,1,Standard,Modern,Yes,No,No,1012000,460000,368000,1840000
Seethammadhara,1200,1,3,1,Basic,Modern,No,No,No,1377200,626000,500800,2504000
Parawada,1500,1,4,1,Standard,Modern,No,Yes,Yes,1650000,750000,600000,3000000
Pendurthi,800,4,2,2,Standard,Normal,Yes,No,No,1309000,595000,476000,2380000
Kommadi,1000,3,1,1,Premium,Luxury,Yes,No,Yes,1999250,908750,727000,3635000
Atchutapuram,1500,2,3,1,Basic,Modern,No,Yes,No,1298000,590000,472000,2360000
Kommadi,800,3,3,1,Basic,Normal,No,Yes,No,739200,336000,268800,1344000
Seethammadhara,2000,1,3,2,Standard,Normal,Yes,No,Yes,3080000,1400000,1120000,5600000
Anandapuram,1500,3,2,1,Standard,Luxury,No,No,Yes,1980000,900000,720000,3600000
Padmanabham,2000,1,3,1,Premium,Normal,No,Yes,Yes,2579500,1172500,938000,4690000
Anandapuram,1500,1,1,1,Basic,Normal,No,Yes,Yes,1375000,625000,500000,2500000
Parawada,1200,3,1,1,Standard,Normal,Yes,No,Yes,1353000,615000,492000,2460000
Kothavalasa,2000,2,1,2,Premium,Modern,Yes,No,No,3168000,1440000,1152000,5760000
Tagarapuvalasa,2000,1,3,1,Premium,Luxury,Yes,Yes,No,3206500,1457500,1166000,5830000
Padmanabham,1800,1,2,1,Basic,Luxury,Yes,No,No,1731400,787000,629600,3148000
Padmanabham,2000,4,2,2,Premium,Normal,Yes,No,Yes,2964500,1347500,1078000,5390000
Pendurthi,1000,1,2,1,Standard,Normal,Yes,Yes,No,1265000,575000,460000,2300000
Kommadi,2500,4,3,2,Standard,Normal,No,Yes,Yes,3217500,1462500,1170000,5850000
Bheemili,800,4,2,1,Premium,Modern,Yes,Yes,No,1408000,640000,512000,2560000
Bheemili,800,2,1,1,Basic,Modern,No,Yes,No,814000,370000,296000,1480000
Pendurthi,1200,2,3,2,Standard,Modern,Yes,No,No,1881000,855000,684000,3420000
Padmanabham,1000,2,3,1,Standard,Modern,No,No,No,1045000,475000,380000,1900000
Pendurthi,2000,1,4,1,Premium,Luxury,No,Yes,No,3393500,1542500,1234000,6170000
Sabbavaram,2500,4,1,2,Premium,Normal,No,No,No,3616250,1643750,1315000,6575000
Sabbavaram,1200,3,4,1,Standard,Modern,Yes,Yes,Yes,1463000,665000,532000,2660000
Sabbavaram,2500,1,3,1,Basic,Normal,No,Yes,No,1980000,900000,720000,3600000
Pendurthi,1200,1,3,1,Premium,Luxury,No,No,No,2146100,975500,780400,3902000
Parawada,2500,1,1,1,Standard,Normal,No,Yes,No,2475000,1125000,900000,4500000
MVP Colony,800,1,1,1,Standard,Normal,No,Yes,Yes,1111000,505000,404000,2020000
MVP Colony,2000,2,2,1,Standard,Luxury,Yes,No,Yes,3080000,1400000,1120000,5600000
Kothavalasa,800,3,4,2,Standard,Luxury,Yes,Yes,Yes,1507000,685000,548000,2740000
Kommadi,2500,2,4,1,Premium,Normal,No,No,Yes,3953125,1796875,1437500,7187500
Gajuwaka,800,3,3,2,Basic,Luxury,No,Yes,Yes,1379400,627000,501600,2508000
Pendurthi,2000,1,2,1,Basic,Modern,No,Yes,No,1958000,890000,712000,3560000
Atchutapuram,1500,3,4,2,Basic,Modern,No,No,No,1573000,715000,572000,2860000
Sabbavaram,800,1,1,1,Standard,Modern,No,No,Yes,957000,435000,348000,1740000
Bheemili,1000,3,3,1,Basic,Normal,Yes,No,No,990000,450000,360000,1800000
Atchutapuram,1200,4,1,2,Standard,Luxury,No,No,Yes,1793000,815000,652000,3260000
Atchutapuram,1500,2,2,2,Basic,Modern,Yes,No,Yes,1738000,790000,632000,3160000
Parawada,2000,4,2,1,Premium,Modern,No,Yes,Yes,2838000,1290000,1032000,5160000
Sabbavaram,2500,1,2,1,Basic,Luxury,No,Yes,Yes,2310000,1050000,840000,4200000
Madhurawada,1800,1,1,1,Basic,Modern,Yes,No,Yes,2096600,953000,762400,3812000
Gajuwaka,800,3,1,1,Premium,Luxury,No,Yes,No,1581800,719000,575200,2876000
Padmanabham,1500,2,4,1,Basic,Normal,Yes,Yes,Yes,1287000,585000,468000,2340000
Bheemili,1000,2,4,1,Premium,Normal,No,Yes,Yes,1540000,700000,560000,2800000
Gajuwaka,2500,2,2,1,Basic,Normal,No,Yes,No,2420000,1100000,880000,4400000
MVP Colony,1200,4,2,1,Standard,Modern,Yes,No,No,1804000,820000,656000,3280000
Seethammadhara,1200,1,3,1,Standard,Modern,No,No,Yes,1749000,795000,636000,3180000
Gajuwaka,1500,4,1,2,Basic,Modern,No,Yes,Yes,1892000,860000,688000,3440000
Atchutapuram,1200,2,4,2,Premium,Normal,No,No,No,1878800,854000,683200,3416000
Kommadi,1800,3,3,1,Basic,Luxury,Yes,No,Yes,2103200,956000,764800,3824000
Padmanabham,1000,3,2,1,Basic,Normal,No,Yes,No,748000,340000,272000,1360000
Seethammadhara,2000,4,1,1,Premium,Luxury,Yes,No,No,3949000,1795000,1436000,7180000
Seethammadhara,1800,4,1,2,Premium,Modern,No,Yes,Yes,3647600,1658000,1326400,6632000
Parawada,1500,1,3,1,Standard,Normal,No,No,No,1485000,675000,540000,2700000
MVP Colony,2000,3,2,1,Basic,Normal,No,Yes,Yes,2167000,985000,788000,3940000
Rambilli,2000,3,1,1,Premium,Modern,Yes,Yes,No,2744500,1247500,998000,4990000
Sabbavaram,2000,3,4,2,Premium,Normal,Yes,Yes,No,3058000,1390000,1112000,5560000
Kommadi,1000,4,4,1,Standard,Luxury,No,Yes,No,1430000,650000,520000,2600000
Pendurthi,2500,3,3,1,Basic,Modern,No,Yes,Yes,2475000,1125000,900000,4500000
Bheemili,1000,1,4,1,Premium,Modern,Yes,No,Yes,1760000,800000,640000,3200000
Parawada,1500,2,2,1,Premium,Modern,No,No,Yes,2169750,986250,789000,3945000
Seethammadhara,2500,2,1,1,Basic,Modern,Yes,No,No,2860000,1300000,1040000,5200000
Seethammadhara,2500,3,3,2,Standard,Modern,No,Yes,No,3685000,1675000,1340000,6700000
Kommadi,800,2,1,1,Premium,Luxury,Yes,Yes,No,1632400,742000,593600,2968000
Gajuwaka,1000,4,2,1,Basic,Luxury,Yes,Yes,No,1353000,615000,492000,2460000
Atchutapuram,1000,2,1,1,Standard,Luxury,Yes,No,No,1375000,625000,500000,2500000
Sabbavaram,1200,3,4,1,Basic,Modern,No,No,No,1060400,482000,385600,1928000
Sabbavaram,2000,4,1,1,Premium,Normal,Yes,No,Yes,2838000,1290000,1032000,5160000
Parawada,1000,4,3,1,Premium,Modern,Yes,Yes,Yes,1611500,732500,586000,2930000
Padmanabham,2000,4,1,1,Standard,Modern,Yes,No,Yes,2145000,975000,780000,3900000
MVP Colony,1800,4,3,1,Premium,Normal,No,Yes,No,3207600,1458000,1166400,5832000
Kothavalasa,2000,2,3,1,Basic,Modern,No,No,No,1694000,770000,616000,3080000
Tagarapuvalasa,800,3,4,1,Standard,Modern,No,No,Yes,1001000,455000,364000,1820000
Kothavalasa,1800,2,3,1,Standard,Modern,Yes,Yes,No,2002000,910000,728000,3640000
Padmanabham,1800,4,4,1,Standard,Luxury,No,No,Yes,2013000,915000,732000,3660000
Pendurthi,1800,2,3,1,Premium,Normal,Yes,Yes,No,2916650,1325750,1060600,5303000
Pendurthi,800,3,1,2,Premium,Normal,No,No,Yes,1577400,717000,573600,2868000
Kommadi,1200,2,3,1,Standard,Luxury,Yes,No,Yes,1826000,830000,664000,3320000
Sabbavaram,1200,1,1,1,Standard,Normal,Yes,Yes,Yes,1353000,615000,492000,2460000
Sabbavaram,800,4,1,1,Standard,Normal,No,Yes,No,792000,360000,288000,1440000
Kommadi,800,1,1,1,Basic,Luxury,Yes,Yes,No,1124200,511000,408800,2044000
MVP Colony,1200,2,2,1,Standard,Modern,Yes,No,No,1804000,820000,656000,3280000
Kothavalasa,800,2,1,1,Standard,Modern,Yes,Yes,No,1012000,460000,368000,1840000
MVP Colony,1500,1,4,2,Standard,Luxury,Yes,No,No,2640000,1200000,960000,4800000
Sabbavaram,1800,4,4,2,Standard,Luxury,No,No,Yes,2387000,1085000,868000,4340000
Sabbavaram,2500,1,2,2,Basic,Modern,Yes,Yes,Yes,2530000,1150000,920000,4600000
Kothavalasa,1200,4,4,2,Standard,Luxury,Yes,Yes,Yes,1903000,865000,692000,3460000
MVP Colony,1800,4,1,2,Standard,Normal,Yes,No,No,2761000,1255000,1004000,5020000
Kothavalasa,1800,4,1,1,Premium,Luxury,No,No,No,2680700,1218500,974800,4874000
Madhurawada,1500,4,4,1,Premium,Luxury,No,Yes,No,2836625,1289375,1031500,5157500
Bheemili,1200,1,1,1,Basic,Modern,Yes,No,No,1276000,580000,464000,2320000
MVP Colony,1000,4,3,1,Standard,Normal,No,Yes,No,1320000,600000,480000,2400000
Madhurawada,1000,2,4,1,Premium,Modern,Yes,Yes,No,1927750,876250,701000,3505000
Padmanabham,1200,4,1,1,Premium,Normal,No,Yes,Yes,1569700,713500,570800,2854000
Tagarapuvalasa,1200,4,4,1,Basic,Modern,Yes,Yes,No,1223200,556000,444800,2224000
Sabbavaram,1200,1,4,1,Premium,Normal,Yes,Yes,No,1713800,779000,623200,3116000
MVP Colony,1500,1,3,1,Standard,Luxury,Yes,No,Yes,2420000,1100000,880000,4400000
Parawada,1800,2,3,2,Premium,Normal,Yes,Yes,No,2790700,1268500,1014800,5074000
Padmanabham,1500,2,3,2,Premium,Modern,No,No,No,2278375,1035625,828500,4142500
Kommadi,1800,3,1,1,Basic,Modern,Yes,No,No,1883200,856000,684800,3424000
Gajuwaka,2000,1,3,1,Premium,Luxury,No,No,Yes,3597000,1635000,1308000,6540000
Anandapuram,2000,2,3,2,Basic,Normal,No,Yes,No,2035000,925000,740000,3700000
Anandapuram,1200,4,1,1,Standard,Luxury,Yes,No,No,1705000,775000,620000,3100000
Anandapuram,800,3,4,1,Standard,Normal,Yes,Yes,No,990000,450000,360000,1800000
Kommadi,1200,2,1,1,Basic,Modern,Yes,No,Yes,1383800,629000,503200,2516000
Gajuwaka,2000,2,3,1,Basic,Modern,Yes,No,No,2156000,980000,784000,3920000
Seethammadhara,2000,4,2,1,Basic,Modern,Yes,No,Yes,2387000,1085000,868000,4340000
Padmanabham,1000,3,3,2,Basic,Normal,Yes,Yes,Yes,1188000,540000,432000,2160000
Tagarapuvalasa,800,4,1,1,Basic,Normal,Yes,No,No,778800,354000,283200,1416000
Kothavalasa,1800,4,4,1,Standard,Normal,Yes,No,No,1892000,860000,688000,3440000
Kothavalasa,800,3,4,1,Premium,Luxury,Yes,No,No,1454200,661000,528800,2644000
Madhurawada,1800,4,4,1,Premium,Modern,Yes,No,Yes,3348950,1522250,1217800,6089000
Pendurthi,800,3,3,1,Basic,Luxury,Yes,No,No,1124200,511000,408800,2044000
Kommadi,1200,3,2,2,Premium,Modern,Yes,No,No,2366100,1075500,860400,4302000
Parawada,1500,3,4,2,Premium,Modern,No,Yes,Yes,2444750,1111250,889000,4445000
Sabbavaram,2500,3,1,1,Standard,Modern,Yes,Yes,Yes,2750000,1250000,1000000,5000000
Anandapuram,1000,1,4,1,Premium,Modern,No,No,No,1595000,725000,580000,2900000
Pendurthi,1500,2,1,1,Premium,Modern,Yes,Yes,No,2558875,1163125,930500,4652500
MVP Colony,800,4,1,1,Premium,Normal,Yes,Yes,No,1535600,698000,558400,2792000
Pendurthi,1800,3,4,1,Premium,Luxury,No,Yes,Yes,3136650,1425750,1140600,5703000
Sabbavaram,1200,2,2,2,Basic,Normal,No,No,No,1225400,557000,445600,2228000
Parawada,2000,1,3,2,Basic,Normal,Yes,Yes,Yes,2024000,920000,736000,3680000
Atchutapuram,2500,2,3,1,Standard,Modern,Yes,No,No,2695000,1225000,980000,4900000
Atchutapuram,1000,2,3,2,Premium,Modern,No,No,No,1721500,782500,626000,3130000
Sabbavaram,1800,4,1,1,Standard,Modern,No,Yes,Yes,1947000,885000,708000,3540000
Kothavalasa,1000,2,2,1,Basic,Modern,Yes,No,Yes,1067000,485000,388000,1940000
Atchutapuram,2500,1,3,1,Standard,Normal,Yes,Yes,Yes,2640000,1200000,960000,4800000
Sabbavaram,1200,3,4,2,Standard,Modern,Yes,Yes,Yes,1738000,790000,632000,3160000
Gajuwaka,1200,4,4,2,Premium,Modern,Yes,Yes,No,2455200,1116000,892800,4464000
Sabbavaram,2000,4,2,2,Standard,Modern,No,Yes,Yes,2420000,1100000,880000,4400000
Tagarapuvalasa,2000,3,1,1,Premium,Luxury,Yes,Yes,No,3206500,1457500,1166000,5830000
Tagarapuvalasa,2000,1,3,1,Basic,Luxury,No,Yes,No,1947000,885000,708000,3540000
Parawada,1200,1,2,1,Basic,Normal,Yes,Yes,No,1060400,482000,385600,1928000
Madhurawada,2500,2,3,1,Basic,Normal,No,Yes,Yes,2585000,1175000,940000,4700000
Gajuwaka,800,4,3,1,Premium,Modern,No,No,No,1416800,644000,515200,2576000
Sabbavaram,1800,2,1,1,Basic,Luxury,No,Yes,No,1700600,773000,618400,3092000
Rambilli,2500,3,1,2,Standard,Luxury,Yes,No,Yes,3052500,1387500,1110000,5550000
Madhurawada,2500,2,1,1,Basic,Modern,No,Yes,Yes,2695000,1225000,980000,4900000
Pendurthi,2500,3,2,1,Standard,Luxury,Yes,Yes,Yes,3327500,1512500,1210000,6050000
Padmanabham,800,1,2,1,Basic,Normal,Yes,No,No,708400,322000,257600,1288000
Seethammadhara,800,2,1,2,Standard,Luxury,No,No,No,1606000,730000,584000,2920000
Atchutapuram,2500,2,1,1,Basic,Normal,Yes,No,No,2090000,950000,760000,3800000
Anandapuram,2500,1,2,1,Premium,Modern,Yes,No,Yes,3987500,1812500,1450000,7250000
Kothavalasa,1800,4,2,2,Standard,Modern,No,No,Yes,2222000,1010000,808000,4040000
Tagarapuvalasa,800,3,3,1,Standard,Luxury,Yes,No,Yes,1276000,580000,464000,2320000
Padmanabham,1000,4,4,2,Premium,Modern,Yes,No,No,1757250,798750,639000,3195000
Padmanabham,1800,1,2,2,Premium,Modern,Yes,No,No,2767050,1257750,1006200,5031000
Kothavalasa,800,4,4,1,Premium,Luxury,No,No,No,1344200,611000,488800,2444000
Kothavalasa,2500,3,3,1,Basic,Normal,No,Yes,Yes,2035000,925000,740000,3700000
Parawada,800,1,4,1,Premium,Luxury,Yes,Yes,Yes,1509200,686000,548800,2744000
Seethammadhara,2000,3,4,1,Basic,Modern,No,Yes,Yes,2277000,1035000,828000,4140000
Gajuwaka,1200,2,2,1,Standard,Modern,No,No,Yes,1617000,735000,588000,2940000
Pendurthi,1800,4,1,2,Standard,Normal,Yes,Yes,No,2464000,1120000,896000,4480000
Padmanabham,2500,2,1,2,Basic,Normal,No,Yes,No,2145000,975000,780000,3900000
Madhurawada,2000,3,3,1,Basic,Luxury,No,Yes,No,2299000,1045000,836000,4180000
MVP Colony,1200,4,4,1,Basic,Normal,Yes,Yes,Yes,1432200,651000,520800,2604000
Tagarapuvalasa,1000,1,1,2,Standard,Normal,Yes,Yes,Yes,1485000,675000,540000,2700000
Kommadi,2500,4,3,1,Standard,Modern,No,Yes,Yes,3052500,1387500,1110000,5550000
Rambilli,2500,1,4,1,Basic,Normal,No,Yes,No,1870000,850000,680000,3400000
Parawada,1800,3,4,2,Standard,Normal,No,No,Yes,2112000,960000,768000,3840000
MVP Colony,2000,3,3,1,Basic,Modern,No,No,Yes,2277000,1035000,828000,4140000
Pendurthi,1000,1,1,2,Premium,Modern,No,No,No,1944250,883750,707000,3535000
Kommadi,1200,4,4,1,Basic,Normal,No,Yes,No,1108800,504000,403200,2016000
Seethammadhara,1500,4,1,1,Standard,Normal,Yes,Yes,No,2090000,950000,760000,3800000
Pendurthi,1500,1,1,2,Basic,Luxury,No,Yes,No,1936000,880000,704000,3520000
Bheemili,1800,1,3,1,Premium,Normal,No,Yes,Yes,2728000,1240000,992000,4960000
Kommadi,2000,1,4,2,Premium,Modern,No,Yes,No,3503500,1592500,1274000,6370000
Atchutapuram,1000,2,3,1,Standard,Normal,Yes,Yes,No,1100000,500000,400000,2000000
Tagarapuvalasa,2000,2,2,1,Premium,Modern,Yes,Yes,No,3041500,1382500,1106000,5530000
Bheemili,2000,1,3,1,Basic,Luxury,No,Yes,No,2035000,925000,740000,3700000
Seethammadhara,1500,4,2,1,Basic,Modern,No,Yes,Yes,1749000,795000,636000,3180000
Seethammadhara,1500,4,4,1,Standard,Modern,No,No,Yes,2145000,975000,780000,3900000
Kommadi,1200,1,1,1,Premium,Luxury,No,Yes,No,2146100,975500,780400,3902000
Gajuwaka,800,3,1,1,Standard,Modern,Yes,Yes,No,1188000,540000,432000,2160000
Anandapuram,1500,1,4,1,Standard,Modern,No,No,Yes,1815000,825000,660000,3300000
Rambilli,800,3,1,1,Standard,Luxury,Yes,Yes,No,1133000,515000,412000,2060000
Tagarapuvalasa,1200,1,4,1,Basic,Modern,No,Yes,No,1113200,506000,404800,2024000
Kommadi,2000,2,2,1,Premium,Normal,Yes,Yes,Yes,3283500,1492500,1194000,5970000
Pendurthi,1800,4,4,1,Basic,Normal,No,No,Yes,1718200,781000,624800,3124000
